"No.","Date","Genre","Bibl","Hit"
"1","2024-05-29","Zeitung","Die Zeit, 29.05.2024","Die Stadt Arkadag zeigt im Kleinen, wie der Staat am Kaspischen Meer funktioniert:"
"2","2016-04-07","Zeitung","Die Zeit, 07.04.2016","Nur mit einem Land in Nordafrika gibt es keinen Vertrag, weil dort kein Staat existiert, keine Regierung, mit der man verhandeln könnte: Libyen, 300 Kilometer von der italienischen Insel Lampedusa entfernt."
"3","2023-09-28","Zeitung","Die Zeit, 28.09.2023","Doch auch die Vereinigten Staaten haben ihn immer fasziniert - jetzt schreibt er erstmals über sie."
"4","2019-08-08","Zeitung","Die Zeit, 08.08.2019","Das Auswärtige Amt erklärt, man rede mit der libanesischen Seite darüber und stimme sich mit anderen Staaten ab."
"5","2013-01-17","Zeitung","Die Zeit, 17.01.2013","Der Film, der in den Vereinigten Staaten eine fast ungeteilte Zustimmung der Kritiker gefunden hat, beginnt mit einem erschreckenden Schlachtengemälde, als gelte es, noch einmal Sergeant Ryan zu retten."
"6","2018-02-15","Zeitung","Die Zeit, 15.02.2018","Da hat der Staat Anfang des Jahrtausends ein Netz aus Glasfasertechnik für alle geschaffen."
"7","2023-10-19","Zeitung","Die Zeit, 19.10.2023","Der Staat wird für den Krieg viel Geld ausgeben."
"8","2006-07-20","Zeitung","Die Zeit, 20.07.2006","Die Gewerkschaften können dem grenzenlosen Kapitalismus nicht wirklich Paroli bieten den Staat und dessen öffentliche Hand können sie aber allemal noch lahm legen."
"9","2024-03-14","Zeitung","Die Zeit, 14.03.2024","Der Staat gegen Fritz Bauer - das Filmporträt des hessischen Generalstaatsanwalts im großen Frankfurter Auschwitz-Prozess - ist einer seiner Lieblingsfilme."
"10","2012-07-05","Zeitung","Die Zeit, 05.07.2012","Oder ins Jahr 1933, als der Staat der katholischen Kirche im »Reichskonkordat« die Zukunft der Theologischen Fakultäten garantierte."
"11","2012-05-16","Zeitung","Die Zeit, 16.05.2012","Inwieweit ist der Staat aber verpflichtet, auch das wirtschaftliche Wohlergehen seiner Bürger zu schützen?"
"12","2017-02-23","Zeitung","Die Zeit, 23.02.2017","Der politische Wille ist klar zu erkennen: Unternehmen, die für Arbeitsplätze in den USA sorgen, sollen vom Staat belohnt werden."
"13","2013-02-28","Zeitung","Die Zeit, 28.02.2013","Die lateinische Sprache ist vielleicht auch ein Grund dafür, dass viele Menschen den winzigen Staat so geheimnisvoll finden."
"14","2018-01-11","Zeitung","Die Zeit, 11.01.2018","Die Vereinigten Staaten hätten Nordvietnam mit all ihrer Macht zerschmettern sollen, befand McMaster und ergriff Partei für den Luftwaffenchef Curtis LeMay, der sogar einen Atomkrieg mit China oder Russland in Kauf genommen hätte."
"15","2013-08-22","Zeitung","Die Zeit, 22.08.2013","Staaten agieren in der Außenpolitik, Deutschland deklamiert sie."
"16","2013-04-04","Zeitung","Die Zeit, 04.04.2013","Stimmt auch nicht - seit fast zehn Jahren steigt die Zahl derjenigen, die Arbeit haben und keine Existenzhilfe des Staates brauchen."
"17","2015-09-24","Zeitung","Die Zeit, 24.09.2015","Allein aus Bosnien sind während des Krieges 1,2 Millionen Menschen in andere Staaten geflüchtet, und 1,3 Millionen wurden zusätzlich innerhalb des Landes vertrieben."
"18","2013-12-12","Zeitung","Die Zeit, 12.12.2013","Das Gewaltmonopol des Staates in Form"
"19","2006-10-26","Zeitung","Die Zeit, 26.10.2006","Und so erzeugt der Staat unterm Strich Steuern auf die eigene Steuereinnahme."
"20","2020-04-02","Zeitung","Die Zeit, 02.04.2020","Orbán sieht die Corona-Epidemie offenbar als Chance, den Umbau des ungarischen Staates, den er vor zehn Jahren begonnen hat, entscheidend voranzutreiben."
"21","2017-12-07","Zeitung","Die Zeit, 07.12.2017","Doch das Fundament der Republik ist schwach, denn die Nationalisten verweigern dem neuen Staat ihre Zustimmung, verbleiben aber in ihren angestammten Positionen."
"22","2019-05-29","Zeitung","Die Zeit, 29.05.2019","Der Staat kann viel gegen Antisemitismus tun, und er tut es auch: Aufklärung, Fördergelder für Initiativen und Gemeinden, Polizeischutz, Repression."
"23","2005-07-28","Zeitung","Die Zeit, 28.07.2005","»Die europäischen Staaten bilden sich so viel ein auf ihre Trennung von Kirche und Staat - und dann sind es die christlichen Parteien, die bestimmen, wo es langgeht."
"24","2021-12-22","Zeitung","Die Zeit, 22.12.2021","Er dient der Notenbank und einigen Regierungen vielmehr als Mittel zum Zweck, hoch verschuldete Staaten nicht durch steigende Zinsen zu überfordern."
"25","2017-10-12","Zeitung","Die Zeit, 12.10.2017","""Ein eigener Staat"", so seine Schlussfolgerung, ""ist für uns eine Frage des Überlebens!"""
"26","2021-10-14","Zeitung","Die Zeit, 14.10.2021","Die FDP will Unternehmen entlasten, sperrt sich strikt gegen höhere Steuern, möchte aber ein Modernisierungsprogramm für Staat, Wirtschaft und Gesellschaft auflegen."
"27","2019-01-10","Zeitung","Die Zeit, 10.01.2019","Auf der Homepage der Regierung von Luxemburg ist von einer »strategischen Partnerschaft« mit Alibaba zu lesen - der Konzern verfügt mittlerweile über so viel Macht, dass er nicht nur mit anderen Firmen, sondern auch mit öffentlichen Institutionen und sogar mit fremden Staaten über eine Vorzugsbehandlung für seine Kunden verhandeln kann."
"28","2021-08-26","Zeitung","Die Zeit, 26.08.2021","Aber muss der Staat das bezuschussen?"
"29","2013-06-13","Zeitung","Die Zeit, 13.06.2013","Zeitgleich zum Enthüllungsskandal Snowden kommt ein Dokumentarfilm über einen Mann in die Kinos, der denselben Staat mit denselben Mitteln herausgefordert hat: Bradley Manning, der vor drei Jahren der Plattform WikiLeaks 700000 geheime Dokumente zuspielte. In"
"30","2020-04-16","Zeitung","Die Zeit, 16.04.2020","Öffentlicher Dienst Lange galten Jobs beim Staat als langweilig."
"31","2011-08-04","Zeitung","Die Zeit, 04.08.2011","Denn Atatürk steht für die Republik, für Demokratie und die Trennung von Staat und Religion."
"32","2006-11-02","Zeitung","Die Zeit, 02.11.2006","Nur Europa kann ein Modell anbieten einen Kompromiss zwischen sozialer Sicherheit und freiem Markt, zwischen starkem Staat und persönlicher Freiheit."
"33","2012-08-02","Zeitung","Die Zeit, 02.08.2012","Einem Gutachten zufolge hat der Staat rund 840 Millionen Euro zu viel bezahlt für den Konzern."
"34","2018-10-04","Zeitung","Die Zeit, 04.10.2018","lange umstrittenes neues Grundgesetz, das Israel als jüdischen Staat definiert."
"35","2012-10-31","Zeitung","Die Zeit, 31.10.2012","» Die SOEs und ihre hundertprozentigen Töchter dienen zumeist den Interessen des Staates«, resümierte vor Jahresfrist die US-China-Commission in ihrer Analysis of State Owned Enterprises and State Capitalism in China."
"36","2008-12-04","Zeitung","Die Zeit, 04.12.2008","Der Staat als Schurke"
"37","2010-01-07","Zeitung","Die Zeit, 07.01.2010","Man muss das Land politisch und wirtschaftlich stabilisieren, sonst hat die Welt noch einen gescheiterten Staat."
"38","2021-10-07","Zeitung","Die Zeit, 07.10.2021","An Schulen in sozial benachteiligten Vierteln gilt dies für die große Mehrheit der Lehrer und betrifft den Unterricht über die Evolutionstheorie ebenso wie über den Holocaust, die Trennung von Religion und Staat oder eben die Redefreiheit."
"39","2015-05-28","Zeitung","Die Zeit, 28.05.2015","Mit der Exzellenzinitiative hat der deutsche Staat noch einmal"
"40","2006-12-20","Zeitung","Die Zeit, 20.12.2006","»Viele fallen in ein Loch.«Denn die Exmatrikulation raube den Studenten ihre Perspektive.In einer vom Staat kontrollierten Gesellschaft hätten sie kaum Chancen, einen Arbeitsplatz zu finden."
"41","2011-03-24","Zeitung","Die Zeit, 24.03.2011","Die Regierung, sagt Heiner Geißler, »hat mit der Weigerung, sich an der Luftüberwachung Libyens zu beteiligen, unser Land in die Kumpanei mit Russland und China und in die Isolation gegenüber den arabischen Staaten und unseren westlichen Verbündeten geführt."
"42","2011-12-22","Zeitung","Die Zeit, 22.12.2011","Seht doch, der Staat hat die Banken gerettet, und dann hat er sie erneut Rekordgewinne machen lassen, während die einfachen Leute in die Röhre guckten."
"43","2005-08-18","Zeitung","Die Zeit, 18.08.2005","Doch nicht nur wir zerstören den Wald, in den Vereinigten Staaten ist er längst zerstört, in Japan, Italien, überall, und nun kommen diese Länder und zeigen auf uns, weil wir tun, was sie taten."
"44","2012-07-26","Zeitung","Die Zeit, 26.07.2012","Besucher aus europäischen und arabischen Staaten, vor allem aber aus der Türkei, versuchten, in diesem Sinne auf den Präsidenten einzuwirken."
"45","2019-11-21","Zeitung","Die Zeit, 21.11.2019","Auch in Deutschland, wo der Tag nicht, wie in den Vereinigten Staaten, seit 1966 dazugehört, sondern erst seit einigen Jahren, hat man sich darauf eingerichtet."
"46","2009-05-28","Zeitung","Die Zeit, 28.05.2009","Paulson ergreift das Wort, beschreibt kurz den Ernst der Lage und die Pläne des Staates."
"47","2005-10-13","Zeitung","Die Zeit, 13.10.2005","Je mehr der Staat von seinen Bürgern wissen will, desto stärker ist auch die Pressefreiheit gefährdet"
"48","2012-08-16","Zeitung","Die Zeit, 16.08.2012","Das Stiftungsvermögen wurde vom österreichischen Staat eingezogen."
"49","2024-04-25","Zeitung","Die Zeit, 25.04.2024","Israel sei ein schwacher Staat, sagt sie, dem Iran weit unterlegen."
"50","2012-08-09","Zeitung","Die Zeit, 09.08.2012","Allen voran hatte diesmal der arme Staat Uttar-Pradesh (UP) mehr als die ihm zustehende Quote Strom aus dem nationalen Netz gezogen."
"51","2019-12-27","Zeitung","Die Zeit, 27.12.2019","Bei den Stasi-Offizieren war in ihrer Kindheit sehr oft der Vater durch den Krieg abwesend gewesen, und dann kam der starke Vater Staat."
"52","2011-01-13","Zeitung","Die Zeit, 13.01.2011","Der Staat, wähnte er, benutze die »Grammatik zur Gehirnwäsche«."
"53","2011-12-08","Zeitung","Die Zeit, 08.12.2011","Russland wird unruhiger werden, doch die westlichen Staaten können seine Entwicklung kaum beeinflussen."
"54","2007-03-08","Zeitung","Die Zeit, 08.03.2007","Auch befindet sich die Insel in einer strategischen Lage, um Europa näher an die geopolitisch wichtigen nordafrikanischen Staaten heranzurücken."
"55","2008-02-21","Zeitung","Die Zeit, 21.02.2008","Die Deutschen fragen sich oft: Warum?Warum wird Neapel vom Müll überschwemmt, warum ist der Süden Italiens von der Kriminalität verseucht, warum gelingt es Italien nicht wie allen anderen europäischen Staaten, die »Sache mit dem Müll« zu regeln?"
"56","2009-04-02","Zeitung","Die Zeit, 02.04.2009","Weil der Staat funktionierende Banken braucht und die Banken einen funktionierenden Staat."
"57","2020-08-13","Zeitung","Die Zeit, 13.08.2020","Der Staat wird ganz einfach größer."
"58","2014-07-03","Zeitung","Die Zeit, 03.07.2014","Denn der Staat, so die zentrale These des Buches, war mitnichten auf dem rechten Auge blind."
"59","2015-12-23","Zeitung","Die Zeit, 23.12.2015","Der türkische Staat ist stolz auf"
"60","2023-09-28","Zeitung","Die Zeit, 28.09.2023","Doch wo diese genau verlief, blieb zwischen beiden deutschen Staaten umstritten."
"61","2024-01-25","Zeitung","Die Zeit, 25.01.2024","Die Beiträge, die die europäischen Staaten bisher für 2024 vorgesehen haben, sind noch nicht groß genug."
"62","2009-02-19","Zeitung","Die Zeit, 19.02.2009","Fünf extrem verschiedene Staaten, Identitäten, Grenzen: Kaiser."
"63","2020-02-13","Zeitung","Die Zeit, 13.02.2020","Als sie gegründet wurde, hat man geglaubt, dass es keinen Systemwettbewerb mehr gibt, dass alle maßgeblichen Staaten marktwirtschaftlich und demokratisch organisiert sind oder sich in diese Richtung entwickeln."
"64","2012-08-16","Zeitung","Die Zeit, 16.08.2012","Der amerikanische Staat ächzt unter hohen Kosten, die Staatsverschuldung steigt (siehe Grafik), und Medicare gehört neben Social Security, der staatlichen Rentenversicherung, und den Verteidigungsausgaben zu den großen Blöcken im Budget."
"65","2005-03-03","Zeitung","Die Zeit, 03.03.2005","Über eine halbe Million Euro zahlt der Staat pro Monat."
"66","2007-08-30","Zeitung","Die Zeit, 30.08.2007","Er konnte nach China und Japan reisen, fuhr im Zug nur erster Klasse und bekam Lebensmittel vom Staat, als es für andere nur noch ein Schulterzucken gab."
"67","2014-06-18","Zeitung","Die Zeit, 18.06.2014","Um die Zentralisierung oder Dezentralisierung der EU zu bestimmen, besitzen auch 27 Staaten der EU Heterogenität genug."
"68","2024-04-11","Zeitung","Die Zeit, 11.04.2024","Auch aus einem historischen Verantwortungsgefühl heraus unterstützen sie diesen idealisierten jüdischen Staat."
"69","2013-01-17","Zeitung","Die Zeit, 17.01.2013","Also griff der Staat ein."
"70","2023-08-10","Zeitung","Die Zeit, 10.08.2023","Polen und Ungarn sind auf dem Weg dahin, in Israel und den Vereinigten Staaten tobt der Kampf gerade."
"71","2019-08-01","Zeitung","Die Zeit, 01.08.2019","Scotts neuestes Werk also widmet sich der Entstehung der frühesten Staaten."
"72","2014-09-25","Zeitung","Die Zeit, 25.09.2014","Die Staaten der G 20 sagen der internationalen Steuerflucht den Kampf an - und sie könnten ihn gewinnen"
"73","2024-08-29","Zeitung","Die Zeit, 29.08.2024","Es fehlt am qualifizierten Personal, um, wie vorgesehen, 760 Quellen oder 1.813 Kilometer Fluss- und Bachläufe wiederzubeleben, und manch ein Luxemburger Besitzer eines Hochstammobst-Hains wartet lieber, bis sein letzter Apfelbaum stirbt, als dass er sich vom Staat bei der Pflege seiner Bäume helfen ließe."
"74","2013-11-21","Zeitung","Die Zeit, 21.11.2013","Davor aber kontrollierte ein bärtiger ""Grenzer"" die Passagiere, ganz so, als sei er Beamter eines anerkannten Staates."
"75","2020-04-08","Zeitung","Die Zeit, 08.04.2020","Hier drohen nicht nur persönliche Dramen, sondern auch unkalkulierbare finanzielle Risiken für den Staat."
"76","2011-09-08","Zeitung","Die Zeit, 08.09.2011","»Der Tag wird kommen, an dem die beiden großen Ländergruppen, die Vereinigten Staaten von Amerika und die Vereinigten Staaten von Europa, sich die Hände über die Meere reichen werden...« 1867 dann in Genf der Kongress der Liga für Frieden und Freiheit."
"77","2016-10-20","Zeitung","Die Zeit, 20.10.2016","Jahrzehnte nach der offiziellen Entkolonisierung, die alle europäischen Übersee- Imperien aufgelöst hat, sind viele der unabhängig gewordenen Staaten Armenhäuser geblieben - und manche auch nur auf dem Papier souverän."
"78","2016-09-15","Zeitung","Die Zeit, 15.09.2016","Diesem Prinzip zufolge ist ein Staat berechtigt, extremistische politische Akteure von der demokratischen Partizipation auszuschließen, sofern diese die demokratischen Verfahren einzig zu dem Zweck ausnutzen, die Demokratie von innen zu untergraben."
"79","2010-03-31","Zeitung","Die Zeit, 31.03.2010","Lawinen, will er sagen, können nicht vom Markt gestoppt werden, sondern nur vom Staat."
"80","2021-02-18","Zeitung","Die Zeit, 18.02.2021","Sie hat das Potenzial, Staat und Gesellschaft lahmzulegen, und Stillstand kann man nicht niederknüppeln oder erschießen."
"81","2024-05-08","Zeitung","Die Zeit, 08.05.2024","Es gibt eine wachsende Gruppe, die an Universitäten und in Schulen sehr aktiv ist, um muslimische Jugendliche gegen den Staat anzustacheln."
"82","2021-03-11","Zeitung","Die Zeit, 11.03.2021","Seit dem 20. Januar ist Joe Biden Präsident der Vereinigten Staaten von Amerika und muss sich um das ganze Land kümmern."
"83","2023-07-27","Zeitung","Die Zeit, 27.07.2023","Ich glaube, dass die Kündigung des Getreideabkommens durch Russland afrikanische Staaten veranlassen wird, ihre Handelsmuster zu überdenken, nach alternativen Getreidequellen zu suchen und den regionalen Handel zu stärken."
"84","2012-04-19","Zeitung","Die Zeit, 19.04.2012","Das zwischen 1763 und 1769 erbaute Schloss sollte Preußens Potenz demonstrieren, den Triumph eines Staates, der gerade erst, im allseits verheerenden Siebenjährigen Krieg, dem Untergang entkommen war und sich nun Großmacht nennen konnte."
"85","2010-11-11","Zeitung","Die Zeit, 11.11.2010","Nur: Genügt all das?Lässt sich durch Zurückhaltung, Einbindung von Datenschützern und aufwendige Werbung ein latentes Misstrauen gegen Datenerhebungen zerstreuen?Werden die Bürger dem Staat glauben, dass er verantwortungsvoll mit den gesammelten Informationen umgeht?Oder wird sich, ähnlich wie bei der Volkszählung 1983, auch gegen den Zensus 2011 ein breiter Protest in dem Moment erheben, da die Fragebögen in den Briefkästen liegen und die Interviewer an der Haustür klingeln?Vertrauen - das ist die entscheidende Ressource, die große Unbekannte in dieser gesellschaftspolitischen Versuchsanordnung."
"86","2011-06-30","Zeitung","Die Zeit, 30.06.2011","Die großen Staaten haben in internationalen Arrangements, seien es Militärbündnisse oder Gemeinschaftswährungen, stets größere Lasten zu tragen."
"87","2022-03-02","Zeitung","Die Zeit, 02.03.2022","Das klingt nach wenig - trotzdem zählt Putins Staat damit zu den 15 wichtigsten Handelspartnern Deutschlands."
"88","2006-12-20","Zeitung","Die Zeit, 20.12.2006","[...] Mit einem Stipendienprogramm will die Europäische Kommission jetzt weißrussische Studenten unterstützen, die wegen ihres Engagements benachteiligt wurden.Gemeinsam mit dem Nordischen Ministerrat hat sie fünf Millionen Euro bereitgestellt, um 100 Studienplätze in der Ukraine und über 200 an der Europäischen Humanistischen Universität (EHU) zu finanzieren.Das Programm ist ein Novum in der Politik des Westens gegenüber dem Staat, der als die letzte Diktatur in Europa gilt.Bis zuletzt hatten verschiedene Initiativen versucht, die unabhängige Wissenschaft vor Ort zu unterstützen.Doch seit Präsident Lukaschenko die EHU vor zwei Jahren aus dem Land gejagt hat, wird das immer schwerer.Als einzige private Universität, gefördert mit Geld aus dem Westen, war sie dem Regime ein Dorn im Auge gewesen.Zum Wintersemester 2004 musste sie ins Exil gehen und nahm auf Einladung der litauischen Regierung Quartier in Wilnius. [...]"
"89","2014-04-16","Zeitung","Die Zeit, 16.04.2014","Man kann nur hoffen, dass Hassan eines Tages aus der fürsorglichen Umarmung des dänischen Staates, der ihm die Sicherheitsbeamten und die versteckten Wohnungen stellt, entlassen wird."
"90","2017-03-23","Zeitung","Die Zeit, 23.03.2017","Näher an Rakka, der Hauptstadt der Terrorgruppe ""Islamischer Staat"" (IS) in Syrien, haben derweil 400 US-Marines eine Basis errichtet."
"91","2015-03-12","Zeitung","Die Zeit, 12.03.2015","Erbschaften besteuert der Staat meist gar nicht."
"92","2006-02-02","Zeitung","Die Zeit, 02.02.2006","Schließlich, sagt Merkel, gehe es zwischen Staaten immer auch darum: »Wer beeindruckt wen?«"
"93","2009-02-05","Zeitung","Die Zeit, 05.02.2009","In der Krise muss der Staat investieren, um die Nachfrage wieder in Schwung zu bringen, darüber sind sich die Parteien einig - die Theorie des britischen Ökonomen John Maynard Keynes hat Konjunktur."
"94","2006-02-16","Zeitung","Die Zeit, 16.02.2006","Die Frau, die den Staat abschafft"
"95","2009-10-15","Zeitung","Die Zeit, 15.10.2009","Wie kommt es, dass nach drei zerlesenen Halbnächten und trotz des Soges, den Limit erzeugt, ein flaues Gefühl bleibt?Warum fesselt der Kampf der Staaten und der Superreichen um die Zukunftsenergie weniger als der Schwarm, Schätzings Bestseller aus dem Jahr 2004?Dort schlug eine intelligent gewordene Restnatur gegen ihre Zerstörung durch die Menschheit zurück: Gaias Rache."
"96","2012-05-03","Zeitung","Die Zeit, 03.05.2012","In Europa sind Privatleute, Unternehmen und Staaten so stark verschuldet, dass alle Verzicht üben müssen - auch die Deutschen"
"97","2022-04-13","Zeitung","Die Zeit, 13.04.2022","Gleichzeitig fürchtet der Staat nichts mehr als eigenständig denkende Bürger.«"
"98","2010-12-09","Zeitung","Die Zeit, 09.12.2010","Crypto heißt bei Dan Brown der Supercomputer der Regierung, und es ist wohl kein Zufall, dass der WikiLeaks-Mitbegründer John Young eine Seite namens cryptome.org betreibt, die das geheime Herrschaftswissen auch demokratischer Staaten attackiert."
"99","2005-03-17","Zeitung","Die Zeit, 17.03.2005","Die eigentliche Ursache dafür, dass alles Wissen über das Hitler-Regime beim politischen Handeln des Vatikans »praktisch ungenutzt« blieb, sieht Besier in einer »Doppelgesichtigkeit« der machtpolitisch und religiös geprägten römischen Kirche, vor allem in ihrer erst nach 1945 überwundenen »inneren Distanz« zum modernen demokratischen Staat."
"100","2013-03-27","Zeitung","Die Zeit, 27.03.2013","Das Ansinnen wurde dann gebremst und nochmals gedreht, aber es brachte eine verdrängte Wahrheit ins Gedächtnis zurück: nämlich dass der Staat seine Bürger teilenteignen kann."
"101","2006-02-02","Zeitung","Die Zeit, 02.02.2006","Bohrer hat in seinen Aufsätzen zur Ästhetik des Staates die Formlosigkeit der Repräsentanten des Politischen angegriffen, darunter den zur Politik gehörigen Typus des Fernsehjournalisten, der mit vollstem Ernst den Würdenträger befragt und sich ihm unterwirft."
"102","2015-12-23","Zeitung","Die Zeit, 23.12.2015","Seit Beginn des Bürgerkrieges haben die Vereinigten Staaten nur 2234 Flüchtlinge aus Syrien ins Land gelassen - so viele Menschen kommen in Passau manchmal an einem Tag."
"103","2020-12-23","Zeitung","Die Zeit, 23.12.2020","Denn diese Waffe wird allein gegen Israel geschwungen, und sie dient der Schwächung und Delegitimierung des Staates."
"104","2015-09-10","Zeitung","Die Zeit, 10.09.2015","Das Griechenland von heute ist kein autoritärer Staat mehr."
"105","2009-09-24","Zeitung","Die Zeit, 24.09.2009","Zeit: Wo muss der Staat noch aktiv werden?Ist zum Beispiel die Hilfe für Opel gerechtfertigt?"
"106","2012-04-04","Zeitung","Die Zeit, 04.04.2012","Ausgerechnet mitten in der Krise ist der Staat plötzlich unerbittlich."
"107","2019-09-12","Zeitung","Die Zeit, 12.09.2019","Aber wie im Fall der Klimastiftung müsste die Agentur wahrscheinlich höhere Zinsen bezahlen als der Staat selbst."
"108","2005-03-10","Zeitung","Die Zeit, 10.03.2005","Der Staat kann zwar über die verschiedensten Wege versuchen, die Konjunktur zu beschleunigen, doch eine Erfolgsgarantie gibt es für keines der Instrumente."
"109","2012-04-26","Zeitung","Die Zeit, 26.04.2012","Solarzellen wandeln Strahlungsenergie direkt in elektrische Energie um; das funktioniert überall, wo die Sonne scheint, also auch in Deutschland, wo der Staat die Nachfrage nach den Zellen mithilfe des Erneuerbare-Energien-Gesetzes systematisch gesteuert hat."
"110","2005-12-01","Zeitung","Die Zeit, 01.12.2005","Doch die Forscher haben in anderen Staaten einen ähnlichen Zusammenhang bei Niederlagen in Kricket-, Rugby- oder Basketballturnieren nachgewiesen."
"111","2009-01-08","Zeitung","Die Zeit, 08.01.2009","Wenn der Staat schon so viele neue Schulden aufnehmen muss wie niemals zuvor, dann ist jetzt wenigstens der beste Zeitpunkt dafür."
"112","2014-04-10","Zeitung","Die Zeit, 10.04.2014","Für den Staat geht es nicht mehr um die richtige Art, zu leben oder zu sterben, sondern nur um Vorkehrungen dagegen, dass jemand von anderen bedrängt, manipuliert oder geschädigt wird."
"113","2008-01-03","Zeitung","Die Zeit, 03.01.2008","Diese Konzerne wurden von den Regierungen ihrer Staaten zu nationalen Champions hochgepäppelt, vertreten aber nun als Privatkonzerne nicht mehr die nationalen Interessen des Landes und schon gar nicht das strategische Energiekonzept der EU-Kommission."
"114","2017-01-19","Zeitung","Die Zeit, 19.01.2017","Sie exportieren nicht nur ihre Version eines schiitischen Dschihad, sondern auch ihr Modell eines ""tiefen Staates""."
"115","2018-02-22","Zeitung","Die Zeit, 22.02.2018","Nur wenige Schutzmechanismen schränken das Vorrecht souveräner Staaten über die Kontrolle ihrer Grenzen ein."
"116","2008-10-16","Zeitung","Die Zeit, 16.10.2008","Wenn die Banken sich darauf verlassen können, dass der Staat einspringt, ist es für sie weniger riskant, sich gegenseitig Geld zu verleihen."
"117","2012-12-13","Zeitung","Die Zeit, 13.12.2012","In Frankreichs Reaktion auf die Ummeldung nach Belgien mischt sich ein totalitärer Besitzanspruch des Staates auf die Individuen."
"118","2005-08-04","Zeitung","Die Zeit, 04.08.2005","Nicht nur, dass in den Staaten Florida und Texas - die enge Beziehungen zum Weißen Haus haben - 14000 Jobs vom Shuttle-Programm abhängen."
"119","2021-10-21","Zeitung","Die Zeit, 21.10.2021","Aber sie zahlt einen weit höheren Preis als Staaten wie Deutschland, die für die Erhitzung des Planeten wirklich verantwortlich sind."
"120","2007-11-08","Zeitung","Die Zeit, 08.11.2007","Dann dürften wir erleichtert die großen Fragen ad acta legen, die das Inzestverbot aufwirft: was Liebe als Fundament der Familie, was Familie als Teil des Staates, was Sexualität als Gegenstand von Gesetzen sei und wie die auf Liebe gegründete Wahlfamilie sich zur Herkunftsfamilie verhalte."
"121","2006-11-16","Zeitung","Die Zeit, 16.11.2006","Der Frieden im Libanon wird von den Kampfparteien dieses Sommers torpediert.Die schiitische Hisbollah und die israelische Armee scheren sich wenig um die UN-Resolution 1701, sie gefährden die dem Westen zugeneigte Regierung in Beirut, sie versuchen, die Souveränität des libanesischen Staates infrage zu stellen."
"122","2014-03-27","Zeitung","Die Zeit, 27.03.2014","Aber die EU wollte eine Währung als ihre Flagge, als Insigne einer politischen Union der Staaten Europas."
"123","2019-04-25","Zeitung","Die Zeit, 25.04.2019","Staats:"
"124","2014-09-11","Zeitung","Die Zeit, 11.09.2014","Finanziert der Islamische Staat seinen Terror auch mit dem Raub und Schmuggel von syrischen Altertümern?"
"125","2021-01-07","Zeitung","Die Zeit, 07.01.2021","In autoritären Staaten wird zum Teil heute noch Post von der Beförderung ausgeschlossen, wenn man den Diktator mit dem Kopf nach unten aufklebt."
"126","2017-02-23","Zeitung","Die Zeit, 23.02.2017","In den vergangenen Jahren haben sich insgesamt mehr als 60 Staaten im Rahmen des sogenannten BEPS-Projekts auf ein gemeinsames Vorgehen geeinigt, darunter alle Staaten der OECD und der G20, also auch die USA. BEPS steht für ""Base Erosion and Profit Shifting"", auf Deutsch etwa Gewinnkürzung und Gewinnverlagerung."
"127","2017-09-07","Zeitung","Die Zeit, 07.09.2017","Der Staat zahlt ihr den Anwalt."
"128","2023-06-07","Zeitung","Die Zeit, 07.06.2023","Dieser ostdeutsche Begriff erinnert an ein System, in dem der Staat für die »Aufzucht« der Kinder zuständig war."
"129","2011-04-14","Zeitung","Die Zeit, 14.04.2011","Diese drei Privatfirmen benoten Staaten, Unternehmen und Finanzprodukte."
"130","2015-10-01","Zeitung","Die Zeit, 01.10.2015","Das Land kommt meinen Vorstellungen von einem idealen Staat recht"
"131","2011-02-17","Zeitung","Die Zeit, 17.02.2011","Sie werden entscheiden, ob ein vollständiger Zusammenschluss, die Vereinigten Staaten von Europa, stattfinden wird oder nicht."
"132","2006-08-24","Zeitung","Die Zeit, 24.08.2006","In ihren Augen wurde New Orleans seit dem Hurrikan wie ein maroder Staat, ein amerikanisches Haiti behandelt."
"133","2017-03-02","Zeitung","Die Zeit, 02.03.2017","Einige E-Mails belegen Albayraks Verbindungen zur Firma Powertrans, die mit dem ""Islamischen Staat"" Ölgeschäfte gemacht haben soll."
"134","2020-04-08","Zeitung","Die Zeit, 08.04.2020","Sturm fordert, der Staat solle teilweise die Mietkosten übernehmen oder auch Zinszahlungen."
"135","2020-12-03","Zeitung","Die Zeit, 03.12.2020","Abendlich Hamburg sei auf Druck des deutschen Staates dichtgemacht worden, behaupten sie nun."
"136","2008-11-13","Zeitung","Die Zeit, 13.11.2008","Während der Präsidentschaft von George W. Bush forderte er mehr europäische Selbständigkeit im Verhältnis zu den Vereinigten Staaten."
"137","2015-04-16","Zeitung","Die Zeit, 16.04.2015","Jedes Jahr investieren Staat und Unternehmen nach einer Schätzung des Deutschen Instituts für Wirtschaftsforschung (DIW) allein zehn Milliarden Euro zu wenig in den Verkehr."
"138","2017-05-24","Zeitung","Die Zeit, 24.05.2017","Das Verhältnis zwischen verschiedenen Kulturen und Staaten aber stand permanent unter dem Vorzeichen eines Krieges, und jeder Frieden war nicht mehr als ein vorübergehender Waffenstillstand."
"139","2022-12-15","Zeitung","Die Zeit, 15.12.2022","Der Staat wurde aus der Verantwortung entlassen, für Fairness in der Gesellschaft zu sorgen."
"140","2015-09-24","Zeitung","Die Zeit, 24.09.2015","Auch der Staat muss mitmachen."
"141","2011-06-22","Zeitung","Die Zeit, 22.06.2011","Richtig ist, dass Europa mit seinen 500 Millionen Einwohnern pro Jahr nicht einmal halb so viel Geld für Verteidigung ausgibt wie die Vereinigten Staaten mit ihren 300 Millionen Einwohnern (2009 waren es in der EU 194 Milliarden, in den USA 498 Milliarden Euro)."
"142","2021-08-05","Zeitung","Die Zeit, 05.08.2021","Einmal spricht er vom Wunsch der Palästinenser nach einem eigenen Staat vom Jordan bis zum Meer."
"143","2020-06-04","Zeitung","Die Zeit, 04.06.2020","Durch den Kauf der Staatsanleihen wurde das Euro-System - also die EZB und die nationalen Notenbanken in den Mitgliedsländern der Währungsunion - zum größten Gläubiger der Staaten."
"144","2006-03-02","Zeitung","Die Zeit, 02.03.2006","Keine Kosten für den Staat"
"145","2007-12-06","Zeitung","Die Zeit, 06.12.2007","Damit hängt der Erfolg der kosovarischen Unabhängigkeit entscheidend davon ab, ob und wie schnell die einzelnen EU-Mitgliedsländer den neuen Staat anerkennen."
"146","2020-12-03","Zeitung","Die Zeit, 03.12.2020","Warum sollten extreme Gegensätze zwischen Arm und Reich wie in den Vereinigten Staaten akzeptabel sein?"
"147","2007-09-27","Zeitung","Die Zeit, 27.09.2007","Statt mit einem Wirrwarr von Maßnahmen die Familien zu fördern, sollte der Staat den Eltern pro Kind 300 Euro zahlen. Bedingungslos"
"148","2014-10-09","Zeitung","Die Zeit, 09.10.2014","Für einen solchen Schritt echter Souveränitätsübertragung - und sei es auch nur im Rahmen der Euro-Gruppe und auf dem Wege eines zwischenstaatlichen Vertrags - wäre dann allerdings eine direkte Legitimation durch das Volk mittels eines Referendums in allen beteiligten Staaten (auch und gerade im referendumskritischen Deutschland!) unverzichtbar."
"149","2013-01-31","Zeitung","Die Zeit, 31.01.2013","Der Staat kann die Wirtschaft damit viel zielgenauer steuern - doch Zentralbanker und Politiker rücken unweigerlich enger zusammen."
"150","2012-12-27","Zeitung","Die Zeit, 27.12.2012","Als Gegengift verlangen die Zeitungsverleger, die staatliche Medienförderung erheblich aufzustocken - die Gefahr, dass Medien dadurch an das Gängelband des Staates gelegt werden könnten, ignoriert diese Königsidee allerdings."
"151","2007-04-26","Zeitung","Die Zeit, 26.04.2007","Für viele Polen ist es kein kultureller Skandal, dass die Vereinigten Staaten fromm und patriotisch sind, das sind sie selbst nämlich auch."
"152","2013-11-07","Zeitung","Die Zeit, 07.11.2013","Unsere Politiker in Europa sind gewählte Volksvertreter, diesen Job sollen sie nun endlich erledigen und unsere Privatsphäre und freiheitlichen Werte auch gegenüber angeblich befreundeten Staaten wie den Amerikanern verteidigen."
"153","2018-10-18","Zeitung","Die Zeit, 18.10.2018","Die Europäische Union und die Vereinigten Staaten bereiten verschärfte Sanktionen vor."
"154","2023-06-07","Zeitung","Die Zeit, 07.06.2023","Er meint: »Die Leute haben nicht einfach Bock auf Randale, sondern die Eskalation ist ein Ausdruck dessen, dass eine politische Auseinandersetzung vom Staat verengt wurde.«"
"155","2010-09-02","Zeitung","Die Zeit, 02.09.2010","In der Gegend um Birmingham wurden in den vergangenen Jahren 73 Prozent aller neuen Stellen im öffentlichen Dienst geschaffen, und im Nordwesten Englands arbeitet fast ein Viertel aller Menschen für den Staat."
"156","2013-04-18","Zeitung","Die Zeit, 18.04.2013","auf Englisch wie auf Deutsch genau in dem Moment auf den Markt, wo in den Vereinigten Staaten ein Handbuch in aktualisierter Form erscheint, das seit 1952 die Klassifikationen festhält, nach denen weltweit Ärzte in Symptomen Krankheiten erkennen können, die der Behandlung bedürfen:"
"157","2011-11-17","Zeitung","Die Zeit, 17.11.2011","Als Teil einer Reise durch fünf mittel- und osteuropäische Staaten, auf der es nicht eine Passkontrolle gibt."
"158","2017-03-09","Zeitung","Die Zeit, 09.03.2017","Ein Staat hat keine Fassade, und dort, wo natürliche Grenzen wie Meere oder Gebirgszüge fehlen, braucht es eine Markierung, die das Herrschaftsgebiet bildmächtig einfasst."
"159","2012-05-16","Zeitung","Die Zeit, 16.05.2012","»Der Präsident ist ein Diener eures Staates, dem es nicht besser gehen soll als euch.«"
"160","2015-05-13","Zeitung","Die Zeit, 13.05.2015","allen Staaten des Deutschen Bundes entsteht, ähnelt eher der Vergabe von Visa: Wer"
"161","2009-03-19","Zeitung","Die Zeit, 19.03.2009","Fair lässt Rödder die Erwartungen und Haltungen in den politischen Parteien Revue passieren; das Ziel Lafontaines und anderer, die Angleichung der Lebensverhältnisse in beiden deutschen Staaten zu erreichen und diese in die europäische Integration einzubetten, wird angemessen dargestellt."
"162","2011-11-24","Zeitung","Die Zeit, 24.11.2011","Seine Nutzer machen dem Staat das Monopol auf die Organisation kollektiven Handelns streitig."
"163","2016-11-17","Zeitung","Die Zeit, 17.11.2016","des Staates erkennen."
"164","2017-12-14","Zeitung","Die Zeit, 14.12.2017","Die USA sind kein Vermittler mehr, und die arabischen Staaten tun nichts dagegen."
"165","2015-01-29","Zeitung","Die Zeit, 29.01.2015","Aber der Staat gibt ihnen doch Chancen."
"166","2018-06-14","Zeitung","Die Zeit, 14.06.2018","Viele Staaten haben das umgesetzt, sodass"
"167","2007-01-04","Zeitung","Die Zeit, 04.01.2007","Heute arbeitet er in seinem alten Beruf, mit Arbeitserlaubnis.Manuel schraubt sich aus seinem Sessel, geht vor die Tür und betrachtet seine Welt.In Havanna steht vor dem Haus ein weißer Lada unter einem Blechdach - man muss sich erst um den Staat verdient machen, bevor man ein Auto kaufen darf.Hier in Miami besitzen Manuel und seine Frau zwei Limousinen, silbermetallic, außerdem eine Doppelgarage."
"168","2021-02-04","Zeitung","Die Zeit, 04.02.2021","Die Schweizerinnen selbst hatten, anders als die Frauen in fast allen anderen Staaten Europas, kein Stimm- und Wahlrecht."
"169","2021-04-08","Zeitung","Die Zeit, 08.04.2021","Menschen, die glaubten, dass dieser ihr Staat von echtem Versagen weit entfernt wäre."
"170","2005-05-19","Zeitung","Die Zeit, 19.05.2005","Der Staat hat den Kündigungsschutz gelockert und dafür gesorgt, dass betriebsbedingte Kündigungen kein Problem mehr sind."
"171","2017-08-03","Zeitung","Die Zeit, 03.08.2017","Was für die Vereinigten Staaten und andere Industrienationen gilt, gilt ebenso für Deutschland:"
"172","2020-12-03","Zeitung","Die Zeit, 03.12.2020","20 Ist der Staat ein Mann oder eine Frau? Bitte begründen Sie Ihre"
"173","2017-03-16","Zeitung","Die Zeit, 16.03.2017","Das ist keine Selbstverständlichkeit, denn mit Staaten verhält es sich ein wenig wie mit Menschen:"
"174","2012-11-08","Zeitung","Die Zeit, 08.11.2012","Doch hat der türkische Staat jeden möglichen moderaten Nachfolger Öcalans mit Politikverbot belegt oder gleich verhaftet."
"175","2017-09-21","Zeitung","Die Zeit, 21.09.2017","Die Verträge der heutigen Privatversicherten könne der Staat nicht einfach für nichtig erklären, warnen Juristen."
"176","2005-09-29","Zeitung","Die Zeit, 29.09.2005","Ja, er fühlt sich berufen, einen Staat zu retten, der vom linken Zeitgeist mit dem Virus des Stillstands infiziert wurde."
"177","2009-03-12","Zeitung","Die Zeit, 12.03.2009","Doch statt über den verzweifelten Ruf nach dem Staat und die offensichtliche Überforderung der Politik nachzudenken, reiht Steingart die Motive der klassischen Parteienstaatskritik aneinander."
"178","2013-07-11","Zeitung","Die Zeit, 11.07.2013","schneller als die Produktivität gewachsen - ganz anders als in anderen europäischen Staaten."
"179","2018-11-29","Zeitung","Die Zeit, 29.11.2018","Oder an den heutigen Staat, in dem"
"180","2015-03-19","Zeitung","Die Zeit, 19.03.2015","Radikal den Staat umbauen und dann vor allem den Armen helfen?"
"181","2010-09-23","Zeitung","Die Zeit, 23.09.2010","Was haben wir falsch gemacht?«Denn der Staat braucht Helden in diesen Tagen, Chile feiert seine 200-jährige Unabhängigkeit von der ehemaligen Kolonialmacht Spanien, das ganze Land ist geschmückt."
"182","2023-10-12","Zeitung","Die Zeit, 12.10.2023","Statt eines Terrorangriffs gab es damals einen Krieg zwischen Staaten."
"183","2016-07-28","Zeitung","Die Zeit, 28.07.2016","Er würde Nato-Mitglieder wie die baltischen Staaten Estland, Litauen und Lettland nicht bedingungslos gegen einen russischen Angriff verteidigen, sagte er."
"184","2018-06-28","Zeitung","Die Zeit, 28.06.2018","Es gibt Probleme, die trans- oder internationale Politik fordern; Staaten müssen sich dafür zusammenschließen."
"185","2011-08-18","Zeitung","Die Zeit, 18.08.2011","Dahinter verbirgt sich eine Regelung, die jenem Punktesystem ganz ähnlich ist, nach dem Staaten wie Kanada erwünschte von unerwünschten Zuwanderern unterscheiden."
"186","2022-07-14","Zeitung","Die Zeit, 14.07.2022","Gewinnt Putin in der Ukraine, wird er die baltischen Staaten bedrohen."
"187","2019-07-04","Zeitung","Die Zeit, 04.07.2019","darauf gewartet, dass sich alle Staaten auf eine funktionierende Flüchtlingspolitik einigen."
"188","2013-03-07","Zeitung","Die Zeit, 07.03.2013","fünfte Mann im Staate, er repräsentiert ein oberstes Verfassungsorgan, und als solcher ist er"
"189","2010-10-07","Zeitung","Die Zeit, 07.10.2010","Die meisten Griechen befolgen inzwischen auch privat, was EU und IWF dem Staat verordnet haben: Sie sparen."
"190","2020-04-16","Zeitung","Die Zeit, 16.04.2020","Der Staat nimmt Ihnen große Teile der Kredite quasi aus den Büchern."
"191","2017-08-31","Zeitung","Die Zeit, 31.08.2017","Staaten gelebt, kulturelle Unterschiede waren ihr keineswegs neu."
"192","2008-05-15","Zeitung","Die Zeit, 15.05.2008","Seither sei Frankreichs strenger Laizismus das Vorbild, erziehe der Staat das Volk, herrsche das Zentrum in Ankara über die Peripherie."
"193","2006-06-14","Zeitung","Die Zeit, 14.06.2006","Größere Umfragen sind für die Forschung zu teuer und Pflichterhebungen ohnehin Sache des Staates."
"194","2019-02-21","Zeitung","Die Zeit, 21.02.2019","Die amerikanische Staatsanwaltschaft wirft ihm vor, Mitglied einer Bande zu sein, die den venezolanischen Staat ausgenommen hat."
"195","2018-12-06","Zeitung","Die Zeit, 06.12.2018","Wenden die Staaten die Bestimmungen des Migrationspakts tatsächlich an, und zwar alle"
"196","2015-02-19","Zeitung","Die Zeit, 19.02.2015","Mit Interesse habe ich zur Kenntnis genommen, dass Deutschlands Mittelschicht im Durchschnitt vom Staat mehr bekommt, als sie an Beiträgen zum Staatshaushalt leistet."
"197","2024-10-10","Zeitung","Die Zeit, 10.10.2024","Es könnte doch sein, dass in der Utopie der Utopien alle in jene Gesellschaft wechseln, die gar keinen Staat mehr bilden will."
"198","2020-09-03","Zeitung","Die Zeit, 03.09.2020","Snower sagt: Solidarität wurde an den Staat ausgelagert, und die Gesellschaften wurden weitgehend blind für die sozialen Folgen des Wettbewerbs."
"199","2020-04-29","Zeitung","Die Zeit, 29.04.2020","Oder muss der Staat eingreifen?"
"200","2023-04-13","Zeitung","Die Zeit, 13.04.2023","In zwei Wochen fliegt Chiara »in die Staaten«, zu Freunden ihrer Eltern."
"201","2015-07-30","Zeitung","Die Zeit, 30.07.2015","Indem der Staat"
"202","2010-09-23","Zeitung","Die Zeit, 23.09.2010","Das liegt also ein Stück unter dem, was der Staat in Deutschland oder Frankreich als Überlebensgrundlage gewährt."
"203","2016-12-29","Zeitung","Die Zeit, 29.12.2016","Fürderhin werden nicht mehr Staaten, sondern religionsgeprägte Zivilisationen aufeinander losgehen: die westliche, die konfuzianisch-chinesische, die islamische, die hinduistische, die slawisch-orthodoxe ..."
"204","2005-09-22","Zeitung","Die Zeit, 22.09.2005","Dieser vermeintlich kraftvolle Staat konnte nicht verhindern, dass in Deutschland der Abstand zwischen Arm und Reich wächst."
"205","2022-08-04","Zeitung","Die Zeit, 04.08.2022","Nach dem Steuertarif muss jeder, der mehr Geld verdient, überproportional mehr von seinem Einkommen an den Staat abtreten, weil er als leistungsfähiger gilt."
"206","2009-07-30","Zeitung","Die Zeit, 30.07.2009","Das Bemühen um diese Toleranzleistung ist eines der Elemente unseres Staates, um derentwillen es sich lohnt, ihn zu verteidigen."
"207","2009-03-05","Zeitung","Die Zeit, 05.03.2009","Der Staat hielt sich heraus."
"208","2014-10-09","Zeitung","Die Zeit, 09.10.2014","Doktoranden der Geistes- und Sozialwissenschaften, die zu historischen und aktuellen Veränderungen in Staaten forschen wollen, können sich bei der ZEIT-Stiftung für ein neues Stipendienprogramm bewerben."
"209","2008-06-19","Zeitung","Die Zeit, 19.06.2008","Der wandte sich an den Schweizer Geschäftsmann Paolo Floriani, der ein System von Scheinfirmen in den Vereinigten Staaten und auf den British Virgin Islands aufzog."
"210","2011-02-17","Zeitung","Die Zeit, 17.02.2011","In Iran ist alles öffentlich Religiöse durch den Staat vergiftet."
"211","2012-11-29","Zeitung","Die Zeit, 29.11.2012","Selbst ernannte Friedensrichter müssen sich weder vor Richtern noch vorm Verfassungsschutz fürchten, denn der deutsche Staat und die deutschen Gerichte sehen nicht, dass es eine Paralleljustiz, auch Schattenjustiz genannt, überhaupt gibt."
"212","2009-01-08","Zeitung","Die Zeit, 08.01.2009","»Früher haben wir uns nicht in die Belange anderer arabischer Staaten eingemischt.«Doch jetzt stehe die Welt vor einem gigantischen humanitären Desaster in Gaza."
"213","2015-09-10","Zeitung","Die Zeit, 10.09.2015","Als Patriot kann man den Staat deshalb auch bekämpfen, in diesem Sinne haben sich die Widerständler im ""Dritten Reich"" als Patrioten empfunden."
"214","2008-02-07","Zeitung","Die Zeit, 07.02.2008","In einem Staat, dessen Institutionen erst laufen lernen, wäre Tahiri für jeden Kabinettsposten qualifiziert."
"215","2024-09-12","Zeitung","Die Zeit, 12.09.2024","Als wir einen Staat gründeten, wollten uns die arabischen Staaten zerstören."
"216","2010-11-25","Zeitung","Die Zeit, 25.11.2010","Ob Staaten oder Banken - immer galten sie als »systemrelevant«, und bislang ist es nicht gelungen, diejenigen an den Kosten zu beteiligen, die die Exzesse mit ihrem Geld finanziert haben."
"217","2009-04-08","Zeitung","Die Zeit, 08.04.2009","Das 15 Milliarden Dollar schwere Notprogramm versorgte Aids-Kranke vor allem in zwölf afrikanischen Staaten mit Medikamenten."
"218","2013-03-21","Zeitung","Die Zeit, 21.03.2013","Sie sollen endlich Frieden bringen in die Hütten, das Gesetz des Staates."
"219","2008-10-30","Zeitung","Die Zeit, 30.10.2008","Doch ein wirklich effizientes System hätte die Blase nicht nur erkannt respektive verhindert, bevor es zu spät gewesen wäre ein solches System hätte auch nach dem Platzen der Blase aus eigener Kraft einen Zusammenbruch vermieden, ohne auf milliardenschwere Kapitalspritzen des vormals so verachteten Staates angewiesen zu sein."
"220","2015-09-10","Zeitung","Die Zeit, 10.09.2015","Lange hat die Welt gerätselt, wie sie mit den Schergen des ""Islamischen Staates"" in Syrien umgehen soll:"
"221","2011-01-05","Zeitung","Die Zeit, 05.01.2011","Die gesellschaftspolitische Begründung jedoch - die Armee dürfe nicht wieder ein Staat im Staate werden - hat so gut wie alle Stichhaltigkeit verloren."
"222","2019-08-01","Zeitung","Die Zeit, 01.08.2019","Mit Gründung der DDR wurde sie das Zentrum der Energieversorgung des sozialistischen Staates:"
"223","2006-11-16","Zeitung","Die Zeit, 16.11.2006","ZEIT: Und was macht der Staat?"
"224","2019-01-24","Zeitung","Die Zeit, 24.01.2019","Seit 2013 eine schwere Wirtschaftskrise ausbrach, spart der brasilianische Staat, wo er nur kann."
"225","2017-03-30","Zeitung","Die Zeit, 30.03.2017","Im Südsudan, dem jüngsten Staat der Welt, treiben Regierungsarmee und Rebellen die Bevölkerung mit Kalkül in Sumpfgebiete weitab jeder Hilfe und greifen humanitäre Konvois an."
"226","2018-01-18","Zeitung","Die Zeit, 18.01.2018","Trump verändert die Vereinigten Staaten."
"227","2021-11-11","Zeitung","Die Zeit, 11.11.2021","Das wäre das Ende des Staates Bosnien-Herzegowina."
"228","2011-02-17","Zeitung","Die Zeit, 17.02.2011","Nachdem sie sich mit der Bundesrepublik ausgesöhnt haben, verlangen sie nun vom Staat, mit Ganztagsschulen für die Werteerziehung zu sorgen."
"229","2017-08-31","Zeitung","Die Zeit, 31.08.2017","Und einen Staat zu verteidigen."
"230","2024-12-31","Zeitung","Die Zeit, 31.12.2024","Warum die ARD »eine Präsenz in einem Netzwerk unterhalten will, das unter dem Einfluss des chinesischen Staates stehen könnte«, fragte Konstantin Kuhle aus dem Bundesvorstand der FDP."
"231","2009-02-05","Zeitung","Die Zeit, 05.02.2009","Die neue amerikanische Regierung wird hoffentlich das einleiten, was die EU hoffentlich hinter den Kulissen bereits vorbereitet: eine regionale Friedenskonferenz zu Afghanistan mit allen umliegenden Staaten, also mit Indien, Pakistan und auch Iran an einem Tisch."
"232","2024-05-16","Zeitung","Die Zeit, 16.05.2024","Um in diesem Ringen zu bestehen, werden auch westliche Staaten über die nächste Wahl weit hinaus planen müssen."
"233","2019-02-21","Zeitung","Die Zeit, 21.02.2019","allerdings die Aufgabe des spanischen Staates, illegale Lochbohrungen zu untersagen, zu"
"234","2009-05-28","Zeitung","Die Zeit, 28.05.2009","Der Staat hatte so viel weniger Zugriff."
"235","2006-12-14","Zeitung","Die Zeit, 14.12.2006","Der Theoretiker der Radikalen gilt als der wichtigste Mann hinter Präsident Ahmadineschad und als einer der wichtigsten im Staate."
"236","2017-05-11","Zeitung","Die Zeit, 11.05.2017","Staaten der Euro-Gruppe gemeinsame Aufgaben anpacken sollen, wäre eine gemeinsame"
"237","2014-10-30","Zeitung","Die Zeit, 30.10.2014","Sie taufte sich um in ""Islamischer Staat im Irak und in Großsyrien""."
"238","2012-10-25","Zeitung","Die Zeit, 25.10.2012","Ausgerechnet hier streiten sich sechs Staaten um zwei Gruppen von Inseln, die Spratlys und die Paracels - zu denen Yongxing gehört."
"239","2023-11-02","Zeitung","Die Zeit, 02.11.2023","Staatsanleihen sind Schuldenpapiere von Staaten."
"240","2020-12-10","Zeitung","Die Zeit, 10.12.2020","Der Corona-Schock wird lange wirken, der Druck auf die Staaten wird steigen, mehr Geld einzunehmen. EU, OECD, der internationale Währungsfonds:"
"241","2010-01-21","Zeitung","Die Zeit, 21.01.2010","Aus dem kämpferischen Staat soll ein fürsorgender Staat werden."
"242","2011-06-01","Zeitung","Die Zeit, 01.06.2011","Die Staaten in Lateinamerika hatten eine eigene Zentralbank, die die Währung abwerten und Geld drucken konnte, um den Staatsbetrieb zu finanzieren."
"243","2017-10-05","Zeitung","Die Zeit, 05.10.2017","Lindner zitiert gern Walter Eucken, den Papst jener marktwirtschaftlichen Lehre, bei der ein vom Staat geschaffener Ordnungsrahmen den Wettbewerb regelt."
"244","2015-12-10","Zeitung","Die Zeit, 10.12.2015","Sie fürchten, dass sich sonst manche Staaten aus der Verantwortung stehlen."
"245","2008-12-04","Zeitung","Die Zeit, 04.12.2008","Vor fast 20 Jahren standen wir vor einem Jahr, das die beiden deutschen Staaten und ihre zwei völlig unterschiedlichen Gesellschaften tiefgreifend verändern sollte."
"246","2016-10-06","Zeitung","Die Zeit, 06.10.2016","Sie und ihre Kommilitoninnen wollen kein pakistanisches, sondern ein unabhängiges Kaschmir, einen echten eigenen Staat - obwohl ihnen in der Tiefe ihres Herzens klar sein muss, dass Indien Kaschmir niemals aufgeben wird."
"247","2011-05-19","Zeitung","Die Zeit, 19.05.2011","Der Torre David, ein Bankenrohbau, der an den Staat fiel und zum Slum wurde In einem Krankenhaus führt der Polizist José Molina über die Ermordeten jeder Nacht Buch."
"248","2013-12-12","Zeitung","Die Zeit, 12.12.2013","Es liegt nahe, dass die Politik die Gründung einer Suchmaschine unter der Hoheitsgewalt des chinesischen Staates zu dieser Zeit aus Eigeninteresse unterstützte."
"249","2006-01-12","Zeitung","Die Zeit, 12.01.2006","Doch jetzt, da die Grundstruktur mit dem Internet-Portal steht, denkt man daran, die Route auch durch andere Staaten zu führen und weitere Industriekultur-Anker ins Boot zu holen."
"250","2019-02-14","Zeitung","Die Zeit, 14.02.2019","Manche Asylzentren sind im Chaos versunken, andere wurden neu konzipiert, und in manchen Ländern hat sich der Staat die Kontrolle von den NGOs wieder zurückgeholt."
"251","2024-02-08","Zeitung","Die Zeit, 08.02.2024","Da zeigt ein Staat den Leuten mal eine positive Zukunft."
"252","2006-12-14","Zeitung","Die Zeit, 14.12.2006","Die Vereinigten Staaten hätten sich weltweit diskreditiert, daher müsse die EU nun die Initiative ergreifen."
"253","2011-09-15","Zeitung","Die Zeit, 15.09.2011","Trotz dieser Überforderung des Staates gelingt es den Menschen, ihre Finanzerwartungen an den Staat zu Rechtsansprüchen zu verfestigen, sodass sie das staatliche Geld fordern und ihre Forderungen mithilfe der Gerichte durchsetzen können."
"254","2010-03-11","Zeitung","Die Zeit, 11.03.2010","Ab 1000 Euro nimmt der Staat den Arbeitslosen mit Zusatzjob wieder alles bis auf 10 Prozent der Einkommen ab."
"255","2012-05-31","Zeitung","Die Zeit, 31.05.2012","Dadurch setzen Bürger Interessen durch, die in Deutschland oder Österreich längst ohne Chance sind - etwa das Interesse an niedrigeren Steuern und einem effizienten Staat."
"256","2024-04-18","Zeitung","Die Zeit, 18.04.2024","Nicht weniger wichtig ist die Erfahrung von geteiltem Interesse und Kooperation, die Israel gemacht hat, der Beistand nicht nur der westlichen Mächte, sondern auch der gemäßigten arabischen Staaten - allen voran von Jordanien, einem Land, das Premierminister Netanjahu bisher gern mit Geringschätzung behandelt hat."
"257","2009-04-16","Zeitung","Die Zeit, 16.04.2009","Nach den Vorstellungen der Metallbranche in Nordrhein-Westfalen soll der Staat die Transfergesellschaften künftig bis zu zwei Jahre lang fördern."
"258","2011-05-12","Zeitung","Die Zeit, 12.05.2011","Also muss der Staat vorbeugend jene treffen, die im Dunkeln die Drähte ziehen."
"259","2012-09-13","Zeitung","Die Zeit, 13.09.2012","Nach dem Anschluss Österreichs wurde er enteignet, die Produktion der Plansee-Werke auf die Kriegsindustrie ausgerichtet, und Schwarzkopf emigrierte in die Vereinigten Staaten."
"260","2008-02-07","Zeitung","Die Zeit, 07.02.2008","Beim Kombilohn wird immer behauptet, der Staat würde Arbeitsplätze subventionieren und damit erst ermöglichen."
"261","2018-11-22","Zeitung","Die Zeit, 22.11.2018","Unser Selbstverständnis: Säkularität bedeutet für uns die Betonung der positiven Neutralität des Staates und die weitgehende Trennung von Religion und Politik."
"262","2016-08-11","Zeitung","Die Zeit, 11.08.2016","Der ""tiefe Staat"", also Gülen, sei um ein Vielfaches schlimmer als die PKK und der IS."
"263","2020-05-20","Zeitung","Die Zeit, 20.05.2020","Nummer 45 wurde exakt für diese Haltung, für die Attacke auf Staat, Bildung und Wissenschaft, gewählt."
"264","2005-11-24","Zeitung","Die Zeit, 24.11.2005","Doch kenntlich wird auch, hinter der NS-Groteske, der nicht minder finstere Staat Stalins."
"265","2010-12-30","Zeitung","Die Zeit, 30.12.2010","Schweden, sagt Julian Assange, sei weder demokratisch noch sozial, sondern ein autoritärer Staat"
"266","2015-05-28","Zeitung","Die Zeit, 28.05.2015","Papst Johannes Paul II. erinnerte 1998 in Havanna daran, ""dass ein moderner Staat weder aus dem Atheismus noch aus der Religion ein politisches Konzept machen darf""."
"267","2022-07-14","Zeitung","Die Zeit, 14.07.2022","Seitdem gibt es einen Zuschuss auf jeden Liter Sprit mit dem Effekt, dass die Leute mehr Benzin kaufen, weil es durch den Zuschuss vom Staat nun billiger ist."
"268","2011-06-30","Zeitung","Die Zeit, 30.06.2011","Der Staat zahlt für bestimmte Wohnungen eine Subvention; es gibt Wartelisten."
"269","2020-06-10","Zeitung","Die Zeit, 10.06.2020","Unruhen in den USA Die Vereinigten Staaten von Amerika gelten als Wiege der modernen Demokratie."
"270","2005-01-05","Zeitung","Die Zeit, 05.01.2005","Erstmals durften die Palästinenser wählen, ein eigener Staat schien in Reichweite, das neue demokratische Gemeinwesen sollte zum Vorbild werden für den Rest der arabischen Welt."
"271","2017-07-06","Zeitung","Die Zeit, 06.07.2017","Chávez unterstellte den halbstaatlichen Ölkonzern komplett dem Staat, ließ Unternehmer und Börsenhändler streng überwachen und einige sogar außer Landes jagen."
"272","2006-09-07","Zeitung","Die Zeit, 07.09.2006","Der Schock über die Vorgänge von Abu Ghraib sitzt in den Vereinigten Staaten tiefer als irgendwo sonst."
"273","2006-08-17","Zeitung","Die Zeit, 17.08.2006","Denn sonst würden, wie es in einer offiziösen Verlautbarung des Wiener Reichshofrats hieß, »die Staaten in Europa vom ersten Range in beständiger Besorgnis schweben, in von Preußen zu erregende Kriege verwickelt zu werden«."
"274","2007-06-06","Zeitung","Die Zeit, 06.06.2007","Ich würde ein »Kleineuropa« vorziehen, ohne die Türkei und einige osteuropäische Staaten."
"275","2014-01-16","Zeitung","Die Zeit, 16.01.2014","Nicht der Markt, sondern der Staat soll die Zuwanderung steuern."
"276","2020-10-01","Zeitung","Die Zeit, 01.10.2020","Davon, wie schnell sein Staat aufgegeben worden war; wie schnell die Ostdeutschen die D-Mark forderten; wie schnell all ihre Ideen nichts mehr wert gewesen seien."
"277","2018-06-14","Zeitung","Die Zeit, 14.06.2018","Er soll Staaten mit finanziellen Schwierigkeiten künftig eine Art kurzfristigen Überbrückungskredit gewähren."
"278","2022-06-02","Zeitung","Die Zeit, 02.06.2022","Toxisch männliche Strukturen schaffen aber nicht nur Unsicherheiten innerhalb von Staaten, sondern auch international."
"279","2010-11-25","Zeitung","Die Zeit, 25.11.2010","Wieder fließen Milliarden, wieder muss ein Staat seine Souveränität aufgeben, wieder gehen die Deutschen als Zahlmeister ins Risiko."
"280","2019-07-04","Zeitung","Die Zeit, 04.07.2019","ich aus meiner Zeit in den Staaten mitgebracht habe."
"281","2023-11-16","Zeitung","Die Zeit, 16.11.2023","Widerstandskämpfer sind sie nicht, man zieht sich ins Häusliche zurück, wenn der Staat mit seinen Verlautbarungen und seinem Großsprech zu sehr nervt."
"282","2015-08-06","Zeitung","Die Zeit, 06.08.2015","Sie richtet sich gegen den Staat."
"283","2020-11-19","Zeitung","Die Zeit, 19.11.2020","Kritiker sagen, das setze den Staat unter Druck, den Ausbau schnellstmöglich voranzutreiben."
"284","2022-04-13","Zeitung","Die Zeit, 13.04.2022","Angesichts zahlreicher militärischer Niederlagen, denen demütigende Verträge mit den Siegermächten folgten, erschien der Untergang von Staat und Kultur stets als reale Möglichkeit."
"285","2019-10-02","Zeitung","Die Zeit, 02.10.2019","Und ich dachte mir, wow, das ist schon unglaublich, dass der Staat für viel Geld etwas kauft und es in diesen Prunkräumen zur Schau stellt, das Schrott sein soll."
"286","2024-02-15","Zeitung","Die Zeit, 15.02.2024","Die arabischstämmigen israelischen Staatsbürger sind nur Bürger zweiter Klasse, und im Westjordanland werden Palästinenser von radikalen Siedlern verdrängt oder erschossen - mit Duldung durch den Staat."
"287","2013-02-14","Zeitung","Die Zeit, 14.02.2013","Während in den Vereinigten Staaten nach dem großen Zeitungssterben inzwischen auch die ersten Wochenmagazine eingestellt wurden, sehen viele dieser jungen Kulturmagazine so aus, als sei der Farb- und Fotodruck noch nicht erfunden - geschweige denn das iPad und sein Versprechen, den Printjournalismus obsolet zu machen."
"288","2006-06-08","Zeitung","Die Zeit, 08.06.2006","Bringt mehr Staat mehr Beschäftigung?Oder eher weniger Staat?Soll die öffentliche Hand sparen oder besser investieren?Es sind die großen Linien der Großen Koalition, die im Nebel verlaufen."
"289","2016-12-29","Zeitung","Die Zeit, 29.12.2016","Die beiden deutschen Staaten wollten sich gegenseitig beweisen, die"
"290","2008-11-20","Zeitung","Die Zeit, 20.11.2008","Um die weitreichende Mitbestimmung der Betriebsräte bei Volkswagen geht es und die schützende Kraft des Staates im Konzern."
"291","2009-03-12","Zeitung","Die Zeit, 12.03.2009","Da möchte man gleich mitmachen und einstimmen: Weg damit!Die Märkte müssen endlich entmachtet werden, und der Staat muss in die Verantwortung treten!Den Heuschrecken, die deutsche Firmen aufkaufen wollen, muss endlich der Garaus gemacht werden!Und sollte man diese Investmentbanken an der Wall Street mit ihrer haltlosen Spekulation nicht einfach dichtmachen?Warum nicht Banken enteignen, wo wir schon dabei sind?"
"292","2021-05-27","Zeitung","Die Zeit, 27.05.2021","Der Staat musste in der Pandemie zügig handeln und konnte nicht Monate damit verbringen, die Eigentumsverhältnisse der Bürger auszubaldowern."
"293","2012-05-31","Zeitung","Die Zeit, 31.05.2012","ZEIT: Interessant, dass Sie als Manager nach dem Staat rufen, nach einem politischen Macher."
"294","2014-02-27","Zeitung","Die Zeit, 27.02.2014","Die betroffenen Staaten machen die amerikanische Notenbank Federal Reserve (Fed) für ihre Schwierigkeiten verantwortlich."
"295","2005-05-25","Zeitung","Die Zeit, 25.05.2005","Dieser Staat, militärisch nicht zimperlich und stets an der Seite der USA, wurde und wird von den Deutschen beargwöhnt."
"296","2009-06-18","Zeitung","Die Zeit, 18.06.2009","30 Staaten haben bereits mit Novartis über Lieferungen verhandelt - allein das Gesundheitsministerium der USA hat eine Bestellung in Höhe von 289 Millionen Dollar aufgegeben."
"297","2023-02-02","Zeitung","Die Zeit, 02.02.2023","Die Vereinigten Staaten und Großbritannien lieferten von Juni 1941 an, als der deutsche Vernichtungskrieg gegen die Sowjetunion begann, Flugzeuge, Panzer, Lastwagen, Munition, Artillerie und Ausrüstung an Moskau."
"298","2018-10-04","Zeitung","Die Zeit, 04.10.2018","Missbrauch Was tut der Staat, wenn die Kirche Täter schützt?"
"299","2007-08-16","Zeitung","Die Zeit, 16.08.2007","In den Vereinigten Staaten hat sich ein innenpolitischer Konsens über den Sinn der fortgesetzten Präsenz im Irak eingestellt."
"300","2021-04-22","Zeitung","Die Zeit, 22.04.2021","Gab es nicht mal die Trennung von Kirche und Staat?"
"301","2023-11-23","Zeitung","Die Zeit, 23.11.2023","Die Vereinigten Staaten und das breitere westliche Bündnis dagegen sind kein Großraum im Schmittschen Sinne."
"302","2008-12-11","Zeitung","Die Zeit, 11.12.2008","Väter, die sich so wenig in der Pflicht sehen, kalkulieren mit dem Pflichtgefühl der anderen: von Vater Staat und Kindsmutter."
"303","2018-11-15","Zeitung","Die Zeit, 15.11.2018","Vereinigten Staaten standen einmal für Fortschritt und Frieden in der Welt - und ich glaube,"
"304","2008-07-24","Zeitung","Die Zeit, 24.07.2008","Am Ende muss der Staat so oder so für den sozialen Ausgleich sorgen."
"305","2012-07-05","Zeitung","Die Zeit, 05.07.2012","Die Rebellen riefen im Norden ihren »Unabhängigen Staat Azawad« aus."
"306","2017-09-07","Zeitung","Die Zeit, 07.09.2017","Mobiltelefone, Laptops, Tablets und USB-Sticks verbinden selbst die Bürger dieses isolierten Staates mit der Außenwelt."
"307","2008-11-06","Zeitung","Die Zeit, 06.11.2008","Ob sich der Finanzminister der historischen Parallele bewusst war?Der Staat bestimmte schon damals die Vorstandsgehälter und kontrollierte die Geschäfte"
"308","2015-05-13","Zeitung","Die Zeit, 13.05.2015","Der Tenor: Gefahr entsteht aus allem, aus zerfallenden Staaten und Terrorismus, aus diktatorischen Regimen und kriminellen Netzwerken, aus Migrationsbewegungen, aus Seuchen und Epidemien."
"309","2016-01-21","Zeitung","Die Zeit, 21.01.2016","Die Republikaner wollen den Staat dafür konsequent herunterfahren, die Demokraten ihn stärken."
"310","2015-03-05","Zeitung","Die Zeit, 05.03.2015","der Drogenbanden südlich des Rio Grande, die die Vereinigten Staaten seit je mit Gras"
"311","2023-04-13","Zeitung","Die Zeit, 13.04.2023","Notfalls müsse der Staat regulierend eingreifen."
"312","2013-09-12","Zeitung","Die Zeit, 12.09.2013","Als die Nationalitäten versuchten, Staat im Staat zu"
"313","2012-01-12","Zeitung","Die Zeit, 12.01.2012","Ich will, dass der Irak ein souveräner Staat bleibt."
"314","2024-12-19","Zeitung","Die Zeit, 19.12.2024","Saleh: Westliche Staaten bevorzugen es, wenn Länder, die sie nicht schätzen, autoritär geführt werden."
"315","2011-08-25","Zeitung","Die Zeit, 25.08.2011","Der wahre Dieb ist der Staat"
"316","2022-09-22","Zeitung","Die Zeit, 22.09.2022","Für besonders betroffene Unternehmen solle eine Härtefallregelung greifen, dazu Liquiditätshilfen und - wie soll der Staat es sonst bezahlen - das Aussetzen der Schuldenbremse."
"317","2012-06-06","Zeitung","Die Zeit, 06.06.2012","Die Entscheidung über Risiken ist vielmehr Sache des Staates, der dabei von einem Heer aufmerksamer Hobbydetektive und emsiger Leserreporter unterstützt wird."
"318","2023-03-09","Zeitung","Die Zeit, 09.03.2023","»Für einen afrikanischen Staat kann es zum Beispiel beruhigend sein, dass es in Europa noch einen leistungsstarken Staat gibt, der weder Teil des EU- noch des Nato-Machtblocks ist«, sagt Diggelmann."
"319","2006-01-26","Zeitung","Die Zeit, 26.01.2006","In vielen Staaten ergeben sich sogar zweistellige Renditen"
"320","2008-08-28","Zeitung","Die Zeit, 28.08.2008","Dass die Athener Jugend diese Freiräume nutzt, bezeugt Sokrates Beschwerde in Platons Staat, Söhne hätten keinen Respekt mehr vor ihren Vätern und Schüler nicht mehr vor den Lehrern."
"321","2013-09-12","Zeitung","Die Zeit, 12.09.2013","Allein aus den Interaktionen zwischen diesen fünf bis zehn Staaten ist die"
"322","2013-04-25","Zeitung","Die Zeit, 25.04.2013","Als in den 1930er Jahren Staubstürme die Great Plains, Oklahoma und andere Staaten verwüsteten, waren die Schneegänse fast ausgerottet."
"323","2016-06-02","Zeitung","Die Zeit, 02.06.2016","In den USA hingegen dürfte allmählich ein Punkt erreicht sein, an dem ein weiterer Rückzug des Staates die Menschen nicht mehr befreit, sondern neue Abhängigkeiten schafft."
"324","2024-04-25","Zeitung","Die Zeit, 25.04.2024","Obwohl die Kommunisten genau wie die Autonomen zu den Linksradikalen zählen und den Staat stürzen wollen, gelten die Gruppen untereinander als verfeindet."
"325","2013-11-07","Zeitung","Die Zeit, 07.11.2013","Nichts außerhalb des Staates"" - wetterte Mussolini vor allem gegen die Mafia:"
"326","2008-06-26","Zeitung","Die Zeit, 26.06.2008","Schwierig wird es aber, wenn die Verantwortung zwischen Staat und Eltern hin- und hergeschoben wird und uns klare Regeln fehlen."
"327","2015-03-12","Zeitung","Die Zeit, 12.03.2015","Politiker Sari Nusseibeh inzwischen viele Lösungen für denkbar: einen, zwei oder drei Staaten,"
"328","2011-04-20","Zeitung","Die Zeit, 20.04.2011","Auch die Europäische Union nicht, die schon in der Diskussion um das ungarische Mediengesetz erfahren musste, wie beschränkt ihre tatsächlichen Einflussmöglichkeiten auf Staaten sind, die von der EU nicht mehr aufgenommen werden müssen, sondern ihr bereits angehören."
"329","2016-09-29","Zeitung","Die Zeit, 29.09.2016","Politisch wäre ein Einstieg des Staates für Angela Merkel ein Desaster"
"330","2006-11-02","Zeitung","Die Zeit, 02.11.2006","Sträubt sich auch nur ein einziger Staat, kommt weder ein Verhandlungsmandat noch eine neue Abmachung zustande."
"331","2007-03-08","Zeitung","Die Zeit, 08.03.2007","Mit dabei: IBM und American Electric Power, der größte Stromerzeuger der Vereinigten Staaten."
"332","2008-01-10","Zeitung","Die Zeit, 10.01.2008","Stark ist nicht der Staat, der teuer ist, sondern stark ist der Staat, der sich auf seine Kernaufgaben konzentriert, der Rahmenbedingungen setzt und sich ansonsten aus dem Leben der Bürgerinnen und Bürger heraushält."
"333","2008-09-18","Zeitung","Die Zeit, 18.09.2008","Unterdessen meldet der Satellit Kosmos 1382 den Start einer zweiten, einer dritten und schließlich einer vierten Minuteman-Rakete, alle von derselben Raketenbasis an der Ostküste der Vereinigten Staaten abgefeuert."
"334","2011-09-01","Zeitung","Die Zeit, 01.09.2011","Er zahlt auch heute nicht nur, um überschuldete Staaten zu retten, sondern um die Gewinne der Spekulanten zu sichern, die auf den Bankrott dieser Staaten wetten."
"335","2020-12-10","Zeitung","Die Zeit, 10.12.2020","Das Völkerrecht verbietet es Präsidenten, Kanzlerinnen und Sultanen, ihren Staat über längere Zeit aus dem Ausland zu führen."
"336","2023-02-16","Zeitung","Die Zeit, 16.02.2023","Und auch Deutschland und die Vereinigten Staaten entfernen sich weiter vom Verhandlungstisch, wenn sie jetzt Kampfpanzer liefern."
"337","2023-02-02","Zeitung","Die Zeit, 02.02.2023","Auf der anderen Seite der Staat, früher in Gestalt von Kolonialmächten, heute in Gestalt der tansanischen Regierung."
"338","2014-10-30","Zeitung","Die Zeit, 30.10.2014","Diese verrieten, was die Ostdeutschen von ihrem Staat und der SED-Führung hielten."
"339","2021-03-31","Zeitung","Die Zeit, 31.03.2021","Jahrzehnten mit der Liberalisierung und der Schaffung eines »schlanken Staates« viel Unheil"
"340","2016-11-10","Zeitung","Die Zeit, 10.11.2016","Muss der Staat den Wandel erzwingen?"
"341","2021-01-21","Zeitung","Die Zeit, 21.01.2021","gemeinsames Sicherheitsnetz - wenngleich es schwach ist und sich von Staat zu Staat erheblich"
"342","2011-05-19","Zeitung","Die Zeit, 19.05.2011","Die Taliban vertreiben, bin Laden fangen und einen demokratischen Staat etablieren?"
"343","2006-12-07","Zeitung","Die Zeit, 07.12.2006","Das italienische Beispiel ist einer der Belege für eine allgemeine Folgerung, die am Schluss der Studie nachzulesen ist: »Erfolgsgeschichten haben eines gemeinsam: einen starken Staat, der die Spielregeln definiert und notfalls durchsetzt.«Was dagegen immer misslinge, sei eine Kombination von Privatisierung und Deregulierung."
"344","2006-04-20","Zeitung","Die Zeit, 20.04.2006","»Bürgergesellschaft ist für ihn der politische Alltag«, da, wo der »starke Staat« auf dem Miteinander beruht."
"345","2016-07-14","Zeitung","Die Zeit, 14.07.2016","Der IS will alle Loyalitäten brechen und sie durch eine einzige ersetzen: die zum ""Islamischen Staat""."
"346","2021-01-14","Zeitung","Die Zeit, 14.01.2021","Mehr als 2,2 Millionen Yen, rund 18.000 Euro, hat die Gastronomin 2020 vom japanischen Staat erhalten."
"347","2008-09-18","Zeitung","Die Zeit, 18.09.2008","Wir leben in einer Welt, in der es zum Tagesgeschehen gehört, dass Staaten andere Staaten angreifen und Tausende von Zivilisten einfach auslöschen."
"348","2011-12-08","Zeitung","Die Zeit, 08.12.2011","Was wollen die Kritiker? S&P nennt als Gründe das steigende Risiko einer Kreditklemme und Rezession in der Euro-Zone, die steigende Skepsis von Investoren gegenüber vielen Staaten und die anhaltenden Debatten der Politik."
"349","2016-10-06","Zeitung","Die Zeit, 06.10.2016","Doch weil Enthüllungsplattformen immer neue Details ins Netz stellen und die Staaten ihre Firmen zu mehr Transparenz verpflichten, werden die Geldströme sichtbarer."
"350","2017-06-08","Zeitung","Die Zeit, 08.06.2017","Gesellschaft bestimmt, in der es nun mal eine Trennung von Kirche und Staat gibt."
"351","2006-02-16","Zeitung","Die Zeit, 16.02.2006","Österreich profitiert mehr als alle anderen Staaten Westeuropas von der EU-Osterweiterung.Dies sichert einer wachsenden Zahl von Einheimischen Lohn und Arbeitsplatz.Trotzdem blieb die europäische Integration hierzulande ein äußerst unpopuläres Projekt.Eigentlich schwer zu verstehen."
"352","2017-07-06","Zeitung","Die Zeit, 06.07.2017","Es ist wieder in Mode geraten, dass der Staat die Wirtschaft und die Gesellschaft regelt, repariert oder erdrückt."
"353","2023-02-02","Zeitung","Die Zeit, 02.02.2023","Er ist sogar längst fertig, wird und wird aber von den beteiligten Staaten nicht ratifiziert."
"354","2010-02-25","Zeitung","Die Zeit, 25.02.2010","Die Liberalen wiederum haben den Furor der Mitte lange Zeit auf den Staat gelenkt und bei jeder denkbaren Gelegenheit Steuersenkungen gefordert."
"355","2009-10-15","Zeitung","Die Zeit, 15.10.2009","»Die Muslime, die ein Minarett neben der Moschee wollen, verweigern sich in der Regel auch der Trennung von Religion und Staat«, sagt Oskar Freysinger, Walliser Nationalrat, SVP-Mitglied und Co-Präsident des Initiativkomitees."
"356","2009-03-05","Zeitung","Die Zeit, 05.03.2009","Jetzt aber muss der österreichische Staat mit einem 100 Milliarden Euro schweren Hilfspaket einspringen."
"357","2019-04-04","Zeitung","Die Zeit, 04.04.2019","Politiker und Öffentlichkeit könnten darüber diskutieren, wie sie das Wirtschaften und das Soziale organisierten - ob die Mittelschicht belastet wird oder die Reichen, wie sie Steuern gestalten und ob sie mehr Markt oder Staat wollen."
"358","2012-02-23","Zeitung","Die Zeit, 23.02.2012","Wenden Sie sich an die Verwaltung, an den Staat, an meine Eltern, suchen Sie sich etwas aus."
"359","2017-03-09","Zeitung","Die Zeit, 09.03.2017","Ein Staat kann das eigentlich nicht, weil er ein Abstraktum ist, repräsentiert durch eine Regierung, die sich zunächst mal ziemlich in eine Sache reinsteigern muss, um sich anschließend synchron beleidigt zu fühlen und am Ende kollektiv zurückschlagen zu wollen."
"360","2016-08-11","Zeitung","Die Zeit, 11.08.2016","Säkularer Staat und offene Gesellschaft, von den ""Zwillingsbrüdern"" Islamismus und Zionismus verachtet, nehmen nach Gedeon die Rolle des nützlichen Idioten ein, geschwächt durch Feminismus, Sexualisierung, ""Schwulenkult"" sowie Multikulturalismus und Zuwanderungslobbyismus."
"361","2011-08-18","Zeitung","Die Zeit, 18.08.2011","Sie wissen ebenso wie die Demonstranten von Madrid, Santiago oder Tel Aviv, dass eine Demokratie - egal, wie alt sie ist - untergraben wird, wenn der Staat sich vom Markt beherrschen lässt und wachsende soziale Ungleichheit als unvermeidbar hinnimmt."
"362","2008-10-23","Zeitung","Die Zeit, 23.10.2008","Zudem wird in einer Reihe von Staaten Landwirtschaft noch wie vor hundert Jahren betrieben."
"363","2014-11-27","Zeitung","Die Zeit, 27.11.2014","Aus gutem Grund, denn der US-Präsident braucht den Iran im Krieg gegen den ""Islamischen Staat""."
"364","2016-11-17","Zeitung","Die Zeit, 17.11.2016","4. Für Millionen Männer und Frauen, die in afrikanischen Staaten vom Fischfang leben, lohnt sich die Arbeit nicht mehr."
"365","2014-04-10","Zeitung","Die Zeit, 10.04.2014","""Leider kann nur der betroffene Staat die Immunität aufheben"", bedauert Evelyn Probst von LEFÖ-IBF."
"366","2008-07-03","Zeitung","Die Zeit, 03.07.2008","[...] Rohstoffe herausrücken?In der der Westen nicht nur auf Menschenrechte und Demokratie, sondern auch auf seine Patent- und geistigen Eigentumsrechte pocht und der Osten darauf pfeift?Werden die amerikanisch geführte Nato und die chinesisch dominierte Shanghaier Organisation für Zusammenarbeit aneinandergeraten, wenn das Öl aus Kasachstan knapp wird?Werden chinesische Kriegsschiffe im Indischen Ozean zu patrouillieren beginnen, um die Energieversorgung aus dem Sudan und, durch die Straße von Hormus, aus Iran zu sichern?Die zentralen Herausforderungen des 21. Jahrhunderts heißen Terrorismus, Klimawandel, gesetzlose Regime, Armut und der Wiederaufbau gescheiterter Staaten. [...]"
"367","2009-02-26","Zeitung","Die Zeit, 26.02.2009","Der überforderte Staat"
"368","2017-04-20","Zeitung","Die Zeit, 20.04.2017","Die türkische Republik von 1923 soll bis zu ihrem hundertsten Geburtstag abgewickelt und durch einen neo-osmanischen Staat unter Sultan Erdogan ersetzt werden."
"369","2021-10-28","Zeitung","Die Zeit, 28.10.2021","Er fand einen Staat im Dornröschenschlaf, trieb sich an der Universität Kabul herum, lernte Menschen kennen, die später führende Köpfe in der Regierung oder bei den Kommunisten, den Mudschahedin und den Taliban werden sollten."
"370","2009-03-26","Zeitung","Die Zeit, 26.03.2009","Auf einmal wurde den Privilegierten bewusst, dass sie doch einen funktionierenden Staat nötig haben: Polizei, Rettungsdienste, einen Küstenschutz, der die aus Pakistan von See her eindringenden Attentäter hätte abfangen können."
"371","2024-05-16","Zeitung","Die Zeit, 16.05.2024","Der Staat hat darauf keinen Zugriff."
"372","2005-02-17","Zeitung","Die Zeit, 17.02.2005","Viele der erfolgreichen Staaten setzen heute weniger auf von oben verordnete Maßnahmen, sondern bieten den Schulen Maßstäbe für den Erfolg von Bildungsleistungen an, gekoppelt mit größeren Freiräumen und wirksamen Unterstützungsinstrumenten."
"373","2008-05-29","Zeitung","Die Zeit, 29.05.2008","Tatsächlich ist es eine extreme und für die Forschung völlig neue Herausforderung, Trends über viele Staaten hinweg in sich schlüssig zu messen."
"374","2012-05-03","Zeitung","Die Zeit, 03.05.2012","Er gründet mit Russland und Weißrussland die Gemeinschaft Unabhängiger Staaten."
"375","2012-02-16","Zeitung","Die Zeit, 16.02.2012","Eine stille Sensation, denn damit gab die Greisenriege erstmals zu, dass der Faschismus auch im antifaschistischen Staat real existierte."
"376","2015-08-06","Zeitung","Die Zeit, 06.08.2015","Obwohl der Staat systematisch ausgetrickst wird, interessiert er sich offenbar nicht sonderlich für das Ausmaß des Schadens."
"377","2024-06-20","Zeitung","Die Zeit, 20.06.2024","Wenn der Staat ihres nicht wolle, so Engelhorn, sollten eben ausgewählte Bürger darüber entscheiden."
"378","2017-08-10","Zeitung","Die Zeit, 10.08.2017","Auf den ersten Blick erscheint sie als Konfrontation zwischen Staaten und Institutionen einerseits, mehr oder minder raffinierten Finanzkapitalisten andererseits."
"379","2012-05-03","Zeitung","Die Zeit, 03.05.2012","Ein Mittelding aber, bei dem Europa gemeinschaftlich haftet, aber die Staaten nicht auf Souveränität verzichten, lehnen die Notenbanker ab."
"380","2016-01-14","Zeitung","Die Zeit, 14.01.2016","""Islamischen Staat"" jeden Monat für Bombenangriffe ausgibt."
"381","2013-06-06","Zeitung","Die Zeit, 06.06.2013","Was von all diesen Zahlen und Sorgen interessengeleitete Schwarzmalerei ist, was berechtigte Bedenken sind - das müssen die EU und die elf Staaten, unter ihnen Deutschland, nun klären."
"382","2021-02-18","Zeitung","Die Zeit, 18.02.2021","Nicht zufällig hatte Nushin vor ihrem Tod ihrer Tochter den Rat mit auf den Weg gegeben, man müsse auf sich selbst aufpassen, der Staat tue es nicht."
"383","2017-03-16","Zeitung","Die Zeit, 16.03.2017","Heute arbeiten Aktivisten aus dieser Zeit, die man für diese Recherche trifft, auch für große Unternehmen oder für Stiftungen und Projekte, die vom deutschen Staat gefördert werden - dem Staat, den sie früher so hassten."
"384","2014-09-11","Zeitung","Die Zeit, 11.09.2014","Nur: Wie viel Wahrheit würde es transportieren, wenn man zugleich nicht zeigt, was die Mörder vom ""Islamischen Staat"" (IS) in demselben Video anschließend zeigen?"
"385","2009-06-18","Zeitung","Die Zeit, 18.06.2009","Kein Wunder, dass diese Geschichte wieder hochkommt, als die HRE im September 2008 kurz vor der Pleite steht und der Staat einspringt."
"386","2023-02-16","Zeitung","Die Zeit, 16.02.2023","ZEIT: Gerade an Kooperation mit nordafrikanischen Staaten hapert es aber."
"387","2009-04-16","Zeitung","Die Zeit, 16.04.2009","Da Israel der Stärkere ist, kann eine Änderung der Politik mit ernsthaften Schritten in Richtung Frieden nur von diesem Staat ausgehen, und das müssen alle, die es gut mit ihm meinen, auch sagen dürfen, ohne unter Antisemitismusverdacht gestellt zu werden."
"388","2015-12-03","Zeitung","Die Zeit, 03.12.2015","kracht, die Staaten einspringen, dann haben wir etwas falsch gemacht."
"389","2011-06-22","Zeitung","Die Zeit, 22.06.2011","Die Gefahr einer neuen Krise ist derzeit höher als zu normalen Zeiten, weil die Staaten deutlich höher verschuldet sind als vor der Krise."
"390","2013-11-07","Zeitung","Die Zeit, 07.11.2013","Das kostet kurzfristig etwa 6,5 Milliarden Euro, mehr Geld, als der Staat für Eltern- und Betreuungsgeld zusammen ausgibt."
"391","2024-06-27","Zeitung","Die Zeit, 27.06.2024","Der Staat könne sich die Unterhaltskosten nicht mehr leisten."
"392","2014-06-12","Zeitung","Die Zeit, 12.06.2014","Nummer eins: Staaten können ihre Schulden nicht mehr bedienen und reißen Banken, die"
"393","2015-06-11","Zeitung","Die Zeit, 11.06.2015","Der Staat"
"394","2005-01-27","Zeitung","Die Zeit, 27.01.2005","»Deshalb können Bewohner freier Gesellschaften so schlecht Fundamentalismus in demokratischen Staaten von religiösen Terroristen in fundamentalistischen Staaten unterscheiden«, glaubt Scharanski."
"395","2008-09-11","Zeitung","Die Zeit, 11.09.2008","Aber: Die Hilfe des Staates schafft die Voraussetzung für die Gesundung der Wirtschaft."
"396","2010-06-02","Zeitung","Die Zeit, 02.06.2010","Mit einem solchen Konzept, das eine Kombination aus konjunktureller Stimulanz, einzelnen Ausgabenkürzungen und begrenzten Steuererhöhungen darstellt, ließen sich sowohl die Haushaltsnöte des Staates als auch die klaffende Ungleichheit angehen."
"397","2019-11-14","Zeitung","Die Zeit, 14.11.2019","Die Iraker wehren sich gegen einen korrupten und unfähigen Staat - und gegen die Bevormundung durch das mächtige Nachbarland Iran"
"398","2008-06-05","Zeitung","Die Zeit, 05.06.2008","Und wir wollen Spielräume für den Staat, damit er in Bildung und Infrastruktur investieren kann."
"399","2016-01-07","Zeitung","Die Zeit, 07.01.2016","Hier schafft der Staat wieder einmal ein selbstreferenzielles System, in dem Beamte herrschen."
"400","2017-05-18","Zeitung","Die Zeit, 18.05.2017","Der Bürger brauche nicht bloß Schutz vor der Tyrannei eines Staates, er brauche auch Schutz vor der ""Tyrannei der vorherrschenden Meinung und des vorherrschenden Gefühls"", warnte schon 1859 der englische Philosoph John Stuart Mill."
"401","2012-10-18","Zeitung","Die Zeit, 18.10.2012","Der Staat zeigte sich machtlos gegen die anonymen und auf wechselnden Servern sich versteckenden Macher der Seite."
"402","2007-11-22","Zeitung","Die Zeit, 22.11.2007","Nationalismus als Strategie, um eine imaginierte Trias von »Land«, »Volk« und »Staat« zur Deckungsgleichheit zu bringen, bleibt vor allem für die ressourcenmäßig unterlegene Seite in einem asymmetrischen Konflikt von Bedeutung."
"403","2008-04-24","Zeitung","Die Zeit, 24.04.2008","Ein Netz von Geschäften knüpfen, in denen Bauern kaufen können, was sie bisher nur vom Staat zugeteilt bekamen: Saatgut, Dünger, Macheten, Ersatzteile."
"404","2008-10-23","Zeitung","Die Zeit, 23.10.2008","Der Staat, das ist eine Verabredung seiner Bürger."
"405","2017-01-12","Zeitung","Die Zeit, 12.01.2017","""Das mittelalterliche Rechtsverständnis anderer Staaten widerspricht unserem Verständnis von Minderjährigenschutz."""
"406","2007-05-16","Zeitung","Die Zeit, 16.05.2007","Nur dank des Staates hatte der Liberalismus Erfolg in den vergangenen 400 Jahren."
"407","2009-04-16","Zeitung","Die Zeit, 16.04.2009","Beide Seiten sind tief traumatisiert - die Iraner fühlen sich mit kolonialer Einmischungspolitik verfolgt, seit die Vereinigten Staaten 1953 den demokratisch gewählten Ministerpräsidenten Mossadegh mit einer Geheimdienstaktion stürzten; für die Amerikaner bedeutete es eine bis heute nicht verwundene Demütigung, dass die islamischen Revolutionäre 1979 die US-Botschaft in Teheran besetzten und das diplomatische Personal mit einer mehr als einjährigen, quälend inszenierten Geiselhaft erniedrigten."
"408","2019-09-19","Zeitung","Die Zeit, 19.09.2019","Man muss Präsidentschaftskandidaturen in den Vereinigten Staaten als eine politische Form von Product-Placement verstehen."
"409","2007-03-22","Zeitung","Die Zeit, 22.03.2007","Für die DDR war Sturz des Sozialismus gleichbedeutend mit einem Ende des Staates, denn die zeitweilig propagierte sozialistische Nation existierte nicht."
"410","2009-05-07","Zeitung","Die Zeit, 07.05.2009","Was tun?Für die Bereitstellung öffentlicher Güter ist der Staat zuständig."
"411","2005-09-22","Zeitung","Die Zeit, 22.09.2005","Eine Politik, die 1970 zum Gewaltverzichtsabkommen zwischen Polen und der Bundesrepublik führte und zu einer ersten Annäherung der beiden Staaten - die endgültige vertragliche Regelung der Grenze zwischen (dem wiedervereinigten) Deutschland und Polen musste allerdings noch bis zum Jahr 1990 warten."
"412","2021-04-22","Zeitung","Die Zeit, 22.04.2021","Die Konservativen fürchten einen übergriffigen Staat auch aus historischen Gründen - und verweisen dabei häufig auf Nazi-Zeit und DDR-Diktatur."
"413","2012-12-27","Zeitung","Die Zeit, 27.12.2012","Die Staaten haben die Krise nicht im Griff und zwingen mich, wenn nötig die denkbar größte Sünde zu begehen - Geld zu drucken."
"414","2017-07-13","Zeitung","Die Zeit, 13.07.2017","Niemals beugt sich der demokratische Staat der Gewalt einer Minderheit."
"415","2006-04-12","Zeitung","Die Zeit, 12.04.2006","Doch viele Beobachter im In- und Ausland mahnen, dass sich die Vereinigten Staaten im Augenblick solche Abschottungstendenzen schlecht erlauben könnten."
"416","2009-12-30","Zeitung","Die Zeit, 30.12.2009","»Man sollte Leute auf verschiedenen Ebenen mit Regeln experimentieren lassen, die zum Ziel haben, unsere Ressourcen in einem guten Zustand zu belassen.«Einzelne Staaten könnten so durchaus mutig voranschreiten und etwa erfolgreichen Klimaschutz vorleben."
"417","2008-07-03","Zeitung","Die Zeit, 03.07.2008","Bislang hat sich kein anderer Staat bereit erklärt, diese Aufgabe zu übernehmen."
"418","2012-08-23","Zeitung","Die Zeit, 23.08.2012","Das macht diese Staaten besonders verwundbar, weil ausländische Geldgeber sich schnell zurückziehen, wenn Gefahr droht."
"419","2005-04-21","Zeitung","Die Zeit, 21.04.2005","DIE ZEIT: Seit vergangener Woche gilt faktisch ein Importverbot für Futtermais aus den Vereinigten Staaten."
"420","2017-01-12","Zeitung","Die Zeit, 12.01.2017","Über Jahre hinweg hat der Staat - Lehrer, Polizeibeamte, Sozialarbeiter - zugeschaut, wie Uwe Böhnhardt und seine Mitstreiter verbale Gewalt gegen Migranten, gegen Juden und andere ausübten."
"421","2024-12-05","Zeitung","Die Zeit, 05.12.2024","Varwick: Diese Staaten wollen sicher nicht, dass sich Russland die Ukraine einverleibt."
"422","2012-04-19","Zeitung","Die Zeit, 19.04.2012","So lobpriesen sie in Lushan, einer nach dem anderen, ihren Herrn und verdammten die »rechten Opportunisten«, die in der Schlusserklärung denn auch als Verschwörer gegen Partei, Staat und Volk »entlarvt« wurden."
"423","2006-05-24","Zeitung","Die Zeit, 24.05.2006","»Nach dem Ende des Zweiten Weltkrieges unterstützten die Vereinigten Staaten von Amerika jede rechtsgerichtete Militärdiktatur auf der Welt, und in vielen Fällen brachten sie sie erst hervor."
"424","2009-05-07","Zeitung","Die Zeit, 07.05.2009","Ihre Rechercheure in Barcelona haben Dutzende Fälle von »Landnahmen« dokumentiert - durch Staaten und private Investoren, die ein gutes Geschäft mit der knapper werdenden Ressource Land wittern."
"425","2014-08-07","Zeitung","Die Zeit, 07.08.2014","Hegte die amerikanische Regierung auch 1948, als der Staat Israel gegründet wurde, noch"
"426","2022-03-10","Zeitung","Die Zeit, 10.03.2022","Er hat sein Verteidigungsbündnis für demokratische Staaten geöffnet, für die die überwiegend friedlichen Revolutionen von 1989/90 vor allem eines bedeuteten: die Abschüttelung des Jochs von Jalta, der Beschlüsse jener Konferenz vom Februar 1945, mit denen die Sieger des Zweiten Weltkriegs Europa in einen freien und in einen unfreien Teil spalteten."
"427","2013-07-04","Zeitung","Die Zeit, 04.07.2013","Sie ist immer noch der größte Wirtschaftsfaktor, der Garant für Sicherheit und ein durchaus gefährlicher Staat im Staate."
"428","2005-02-10","Zeitung","Die Zeit, 10.02.2005","Zur gesellschaftlichen Verantwortung der Unternehmen gehört es, die Vorstandsgehälter individuell offen zu legen - gerade in einer Zeit, in der sich die finanziell schwächsten Bürger vom Staat fragen lassen müssen, ob sie verdienen, was sie bekommen."
"429","2015-12-23","Zeitung","Die Zeit, 23.12.2015","Er hatte gerade bei den Vereinten Nationen angefangen, und die mächtigsten Staaten der Welt versuchten damals, den irakischen Diktator Saddam Hussein nach seinem Angriff auf Kuwait mit Wirtschaftssanktionen zu zwingen, Beweise vorzulegen, dass er keine Massenvernichtungswaffen mehr besaß."
"430","2011-05-12","Zeitung","Die Zeit, 12.05.2011","Wäre es nicht besser gewesen, Obama und seine Verbündeten hätten sich stattdessen für einen UN-Beschluss stark gemacht, der es unter Androhung von drastischen Strafen jedem Staat auf der Erde grundsätzlich verbietet, Kriegswaffen an Diktaturen, Diktatoren und in Krisengebiete zu liefern?"
"431","2006-05-11","Zeitung","Die Zeit, 11.05.2006","Labour führt den starken Staat ein."
"432","2008-04-17","Zeitung","Die Zeit, 17.04.2008","Wie die baltischen Staaten bleibt auch Deutschlands östlicher Nachbar bei seiner Forderung, eine Röhre über Land zu verlegen einen Namen dafür gibt es auch schon: Bernstein-Pipeline."
"433","2016-12-21","Zeitung","Die Zeit, 21.12.2016","Wenn der Präsident der Vereinigten Staaten von Amerika einen kleinen"
"434","2009-01-29","Zeitung","Die Zeit, 29.01.2009","Es bleibt ein Ärgernis, dass Fahrer von Dienstwagen einen Teil ihrer Kosten vom Staat wiederbekommen, egal, wie viel Sprit ihre Autos schlucken und wie sehr sie das Klima schädigen."
"435","2020-12-23","Zeitung","Die Zeit, 23.12.2020","Der Staat ist ein Mann, weil er im Zweifelsfall eine Institution legitimer Gewalt ist."
"436","2014-08-28","Zeitung","Die Zeit, 28.08.2014","Die Annexion der Krim wird ihm der Westen völkerrechtlich nicht ratifizieren können, hingenommen hat er sie freilich schon; eine Mitgliedschaft der Ukraine in der Nato ist auf absehbare Zeit ausgeschlossen; die Ukraine dürfte sich künftig zugleich mit der EU assoziieren und mit der russisch dominierten Zollunion; und auch ein föderaler ukrainischer Staat mit starken Selbstbestimmungsrechten der russischen Minderheit wird bereits vorgedacht."
"437","2008-06-05","Zeitung","Die Zeit, 05.06.2008","Per Luftfracht wird sie vom Hause Krönner bis nach Japan und in die Vereinigten Staaten geliefert."
"438","2023-10-19","Zeitung","Die Zeit, 19.10.2023","In Israel ist die Drehtür zwischen Verteidigungsindustrie und Staat im Dauerbetrieb."
"439","2005-04-28","Zeitung","Die Zeit, 28.04.2005","Die Sozialverpflichtung des Eigentums, die Aufnahme von Chancengleichheit und distributiver Gerechtigkeit in ein unverfügbares Selbstverständnis der Konsensrepublik ist ihr Verdienst, die schwindende Leistungskraft des Staates auf diesem Gebiet ist ihr Problem."
"440","2019-06-13","Zeitung","Die Zeit, 13.06.2019","Besonders Staaten wie Äthiopien leiden darunter, dass Hochqualifizierte auswandern, weil sie anderswo attraktivere Jobangebote erhalten."
"441","2013-07-04","Zeitung","Die Zeit, 04.07.2013","Sind ndH und Lmb die Faktoren, die eigentlich anzeigen sollen, wo der Staat helfen muss, inzwischen vor allem ein Kompass, der angibt, welche Schule Eltern umschiffen sollten?"
"442","2009-12-30","Zeitung","Die Zeit, 30.12.2009","Noch haben die Vereinigten Staaten kein gerechteres Gesundheitssystem."
"443","2020-03-26","Zeitung","Die Zeit, 26.03.2020","würden zum Beispiel Start-up-Zentren hochgezogen, »der Staat gibt jede Menge"
"444","2011-05-12","Zeitung","Die Zeit, 12.05.2011","Auf der Stelle ließ er den damaligen sowjetischen Botschafter einbestellen, um ihm sagen zu lassen, dies sei keine Angelegenheit der Bundesrepublik und der DDR, sondern eine Angelegenheit der Vereinigten Staaten und der Sowjetunion."
"445","2019-02-14","Zeitung","Die Zeit, 14.02.2019","Vom gesellschaftlichen Zusammenleben bis zum Zusammenleben der Menschen und Staaten in Europa"
"446","2008-02-07","Zeitung","Die Zeit, 07.02.2008","Es handelt sich um einen Staat mit »monarchisch-priesterlicher« Regierungsform, der durch den Heiligen Stuhl international vertreten wird."
"447","2010-11-25","Zeitung","Die Zeit, 25.11.2010","Es geht um die Handlungsfähigkeit der Vereinigten Staaten."
"448","2019-05-02","Zeitung","Die Zeit, 02.05.2019","Mehr für den Sprit zahlen, und das an einen Staat, der sich kaum um die Sorgen der Bürger schert?"
"449","2007-09-20","Zeitung","Die Zeit, 20.09.2007","Aber wer würde sie auf die Beine stellen?Der Staat?Oder ein Kunstverein?"
"450","2017-10-05","Zeitung","Die Zeit, 05.10.2017","Zwar kostet es den Staat jährlich vier Milliarden Franken, aber selbst diese riesige Summe reicht anscheinend nicht mehr - immer mehr Versicherte müssen die ganzen Prämien zahlen."
"451","2007-02-15","Zeitung","Die Zeit, 15.02.2007","Nach meinem Rechtsempfinden ist die Ampel ein freundliches Angebot des Staates an mich als Fußgänger, von dem ich Gebrauch machen kann oder auch nicht."
"452","2017-01-26","Zeitung","Die Zeit, 26.01.2017","Denn Ditibs Verbindung zum türkischen Staat ist in der Satzung festgeschrieben."
"453","2005-08-11","Zeitung","Die Zeit, 11.08.2005","Dazu liegen die Positionen in den großen Streitfragen - etwa die Rückkehr der palästinensischen Flüchtlinge, die Zukunft Jerusalems und die Grenzen eines palästinensischen Staates - zu weit auseinander."
"454","2021-11-04","Zeitung","Die Zeit, 04.11.2021","Und rufen doch nach dem Staat, damit er Ihnen die Transformation mitfinanziert."
"455","2015-12-03","Zeitung","Die Zeit, 03.12.2015","Die um die Jahrtausendwende weltweit vorangetriebene Privatisierung der Altersvorsorge war eine Reaktion auf den demografischen Wandel in den westlichen Industriestaaten - aber sie war eben auch eine politische Entscheidung, getroffen in einer Zeit, in der es zum guten Ton gehörte, dem Staat die Kompetenz in Wirtschaftsdingen abzusprechen."
"456","2012-09-13","Zeitung","Die Zeit, 13.09.2012","Nach Auskunft eines erfahrenen, seit Langem in der amerikanischen Hauptstadt tätigen Dokumentaristen unterliegen in den Vereinigten Staaten Informationen, die die Vorbereitungen zur Verhinderung eines Attentates auf ein befreundetes Staatsoberhaupt betreffen, auch noch Jahrzehnte später höchster Geheimhaltung."
"457","2009-05-20","Zeitung","Die Zeit, 20.05.2009","Die gleichzeitig entgrenzte und doch kalkulierte Gewalt des Staates ist eben nicht nur ein Merkmal rückständiger Dritte-Welt-Despotien."
"458","2018-06-28","Zeitung","Die Zeit, 28.06.2018","mehrfach die Idee, dass einige Staaten vorangehen, die die Integration schneller"
"459","2008-01-31","Zeitung","Die Zeit, 31.01.2008","7. Teilen Sie die Meinung, neben dem Mittleren und Nahen Osten sei »Russland die andere große Herausforderung für die globale Sicherheit« (so Zbigniew Brzezinski)?Oder teilen Sie unser Urteil, dass Russland seit Gorbatschow nirgendwo seine Grenzen militärisch verletzt und sich nach außen friedlicher verhalten hat als jemals in zaristischen oder sowjetischen Zeiten?Sollen die geplanten ABM-(Antiraketen-)Stellungen in Polen und Tschechien dem Schutz dieser beiden Staaten dienen und dem Schutz der USA oder sollen sie lediglich Russland einschüchtern?"
"460","2020-03-12","Zeitung","Die Zeit, 12.03.2020","Weil die Erforschung ganz neuer Präparate lange dauert, prüfen Wissenschaftler in China und anderen Staaten, ob bereits bekannte Mittel gegen Virusinfektionen auch gegen das neuartige Coronavirus wirken."
"461","2008-04-17","Zeitung","Die Zeit, 17.04.2008","»Am Montag verhandelt dann der erste Staat mit Moskau, am Dienstag der zweite und am Mittwoch der dritte.«"
"462","2007-10-04","Zeitung","Die Zeit, 04.10.2007","»Ich glaube, dass ein zusätzlicher Antrieb nötig ist, um die Beschäftigung in Europa zu halten.«Er empfiehlt nicht, dass die Notenbank die Zinsen senkt oder der Staat seine Ausgaben erhöht."
"463","2021-11-04","Zeitung","Die Zeit, 04.11.2021","Ich bin ja der Repräsentant des Staates, des Systems."
"464","2024-06-13","Zeitung","Die Zeit, 13.06.2024","Und ein Staat, der seine Kernaufgaben erledigt und einen guten Rahmen setzt, statt in das Leben der Menschen hineinzupfuschen."
"465","2010-11-18","Zeitung","Die Zeit, 18.11.2010","Der Staat gibt Felix Bischoff nicht auf."
"466","2010-06-10","Zeitung","Die Zeit, 10.06.2010","Oder daran, dass für Personen, die an der Spitze des Staates gestanden oder in der Politik eine gute Rolle gespielt haben, Totenfeiern in einer Kirche abgehalten werden."
"467","2016-11-10","Zeitung","Die Zeit, 10.11.2016","Bei aller Selbstkritik kann es allerdings bei den liberalen, menschlichen und ökologischen Standards im Angesicht eines bekennenden Machos und Öko-Ignoranten an der Spitze des mächtigsten Staates der Welt keine Kompromisse geben."
"468","2015-02-05","Zeitung","Die Zeit, 05.02.2015","""Die Mittelschicht"", sagt der Soziologe Mau, ""will heute oft mehr Markt statt Staat."
"469","2010-03-04","Zeitung","Die Zeit, 04.03.2010","Weder sind zivilgesellschaftliche Institutionen ein Allheilmittel, noch sind sie bar schwarzer Schafe, aber als Ganzes bilden sie eine unabhängige Kraft, die einer Entgrenzung von Staat oder Markt vorbeugt."
"470","2005-04-28","Zeitung","Die Zeit, 28.04.2005","Und seither war auch der Beginn jener neuzeitlichen Geschichte in Sicht, die dem Individuum Meinungsfreiheit gegenüber Kirche und Staat zusagte."
"471","2009-12-10","Zeitung","Die Zeit, 10.12.2009","Ja zu neuen Regeln für die Banken - doch nur gemeinsam mit anderen Staaten."
"472","2008-10-23","Zeitung","Die Zeit, 23.10.2008","Die Idee: Der Staat schafft Vertrauen und sorgt dafür, dass Geld ausgegeben wird, weil es der Rest der Wirtschaft nicht mehr tut - durch niedrigere Abgaben oder höhere Ausgaben, auf Kredit finanziert."
"473","2009-10-15","Zeitung","Die Zeit, 15.10.2009","»Die Leute haben so viele Krisen zu verkraften, sie haben Häuser, Jobs und Ersparnisse verloren, während sie gleichzeitig sehen, wie Abermilliarden vom Staat für Banken, Konjunkturpakete, Autohersteller und Abwrackprämien ausgegeben werden.«Keine westliche Industrienation hat zudem in jüngster Zeit eine so umfassende Überholung ihres Gesundheitssystems versucht."
"474","2015-10-29","Zeitung","Die Zeit, 29.10.2015","Wer wo einen Staat am Mittelmeer haben darf, gab nie ""den"" Nahostkonflikt her - und heute gilt das umso mehr."
"475","2019-04-17","Zeitung","Die Zeit, 17.04.2019","Er war 63 Jahre alt, als er zum ersten Mal in die Vereinigten Staaten reiste."
"476","2020-06-18","Zeitung","Die Zeit, 18.06.2020","Nur ein Staat, der das Gemeinwohl verteidigt, wird mit Katastrophen zurechtkommen können."
"477","2016-04-07","Zeitung","Die Zeit, 07.04.2016","Dazu zählen auch 8 der 10 weltweit größten Waffenhersteller, die allesamt in die Herstellung von Atomwaffensystemen verstrickt sind und Rüstungsgüter in Krisengebiete exportieren (...) oder an Staaten liefern, die Menschenrechte missachten."""
"478","2012-01-05","Zeitung","Die Zeit, 05.01.2012","Die Banken vergeben weniger Kredite, die Staaten geben weniger aus, die Bürger zahlen mehr Steuern."
"479","2006-11-16","Zeitung","Die Zeit, 16.11.2006","Reemtsma: Für mich ist es völlig in Ordnung, wenn jemand Rachewünsche hat.Unser Rechtssystem erlaubt es aber nicht, dass diese Wünsche ausgelebt werden, und das ist richtig so.Die Rachebedürfnisse der Opfer müssen vom Staat frustriert werden."
"480","2016-05-25","Zeitung","Die Zeit, 25.05.2016","Da sind der Wunsch nach Volksbefragungen und Volksbegehren, die massiven Vorbehalte gegenüber dem Islam, die Huldigung eines starken Staates, der seine Grenzen besser schützen, Verbrecher viel härter bestrafen und das Ideal einer traditionellen Familie wiederherstellen müsse - Papa, Mama, Kind."
"481","2007-01-25","Zeitung","Die Zeit, 25.01.2007","Vorrangige und dringende Aufgabe war gleichfalls, Europa demokratischer zu machen und zu diesem Zweck die Mehrheitsfindung sowohl auf dem Willen der Staaten als auch der Bürger zu gründen, die Rolle des Europäischen Parlamentes und ebenso der nationalen Parlamente auszuweiten, die Prozeduren transparenter zu gestalten und Bürger einen besseren Zugang zu diesen sicherzustellen."
"482","2020-11-26","Zeitung","Die Zeit, 26.11.2020","Der Staat muss"
"483","2011-04-28","Zeitung","Die Zeit, 28.04.2011","Schafft der Staat heute den rechtlichen Rahmen für eine Billigpflege, wird sie in der gealterten Gesellschaft eher die Regel als die Ausnahme sein."
"484","2006-03-09","Zeitung","Die Zeit, 09.03.2006","»Wir denken ja immer, dass der Staat der böse Datensammler sei, doch genauso wichtig ist der genaue Blick auf die Privatwirtschaft.«So gebe es zwar auch hier datenschutzrechtliche Bestimmungen, in der Praxis bleibe das jedoch meist reinste Theorie."
"485","2009-11-05","Zeitung","Die Zeit, 05.11.2009","Nur in einer Gesellschaft mit funktionierendem Fahrstuhl, die möglichst viele Talente fördert, lässt sich die Last des sozialen Staates senken, ohne einfach mehr Menschen der Armut zu unterwerfen."
"486","2012-03-08","Zeitung","Die Zeit, 08.03.2012","Staaten, die Einwanderer vergraulen, werden sich dereinst verfluchen."
"487","2017-08-31","Zeitung","Die Zeit, 31.08.2017","Die Gefahr, dass der Staat über den Tisch gezogen wird, bleibt groß."
"488","2021-06-24","Zeitung","Die Zeit, 24.06.2021","verantwortlich war und nicht an den Staat dachte."
"489","2015-09-24","Zeitung","Die Zeit, 24.09.2015","Wie die Brüder Napoleons wollte er auch über einen eigenen Staat herrschen und eine eigene Dynastie gründen."
"490","2023-01-12","Zeitung","Die Zeit, 12.01.2023","Die wahren Kosten hat ja schon immer der Staat übernommen, 50 Millionen circa für jeden Castor-Transport zum Beispiel."
"491","2020-07-02","Zeitung","Die Zeit, 02.07.2020","Viel von dem, was Monika Maron heute politisch äußert, lässt sich nur mit ihrer Prägung durch die DDR begreifen - 37 Jahre lang hat sie in jenem Staat gelebt, in dem jede politische Äußerung, ganz gleich, ob sie von kritischer Seite oder den Trägern der Macht kam, ideologisch begründet zu sein hatte."
"492","2016-03-03","Zeitung","Die Zeit, 03.03.2016","So machte es die Bekämpfung von Obamas Gesundheitsversicherung zur Chiffre für den Kampf um den kleinen Staat."
"493","2006-01-05","Zeitung","Die Zeit, 05.01.2006","Beides leuchtet ein: Arbeit mit Zuschuss vom Staat ist besser als Arbeitslosengeld II ohne Arbeit."
"494","2023-08-10","Zeitung","Die Zeit, 10.08.2023","Ist Belarus überhaupt noch ein souveräner Staat oder schon längst von russischen Soldaten besetzt?"
"495","2017-02-09","Zeitung","Die Zeit, 09.02.2017","Der Münchner Erzbischof Reinhard Marx formulierte das als ""Idee einer positiven Neutralität des Staates der Religion gegenüber"" - der religionsneutrale Staat, so das Argument, sei auf die Religion angewiesen, wenn er die ihm vorgelagerten Wertegrundlagen dauerhaft sichern wolle."
"496","2011-08-18","Zeitung","Die Zeit, 18.08.2011","Es wäre das Ende der nationalstaatlichen Souveränität und die Geburt der Vereinigten Staaten von Europa."
"497","2011-03-10","Zeitung","Die Zeit, 10.03.2011","In diesem Fall fiele Österreich dann ein relativ höherer Anteil zu als vergleichbar großen Staaten."
"498","2019-08-22","Zeitung","Die Zeit, 22.08.2019","Wenn Wolfgang Schäuble fragen würde, warum der Mann bis vor einem Jahr offenbar sehr gern einem Staat gedient hat, den er nun mit der DDR vergleicht?"
"499","2014-05-22","Zeitung","Die Zeit, 22.05.2014","Doch es fehlen die Mittel, um unsere berechtigten oder weniger berechtigten Wünsche durch den Staat erfüllen zu lassen."
"500","2024-07-04","Zeitung","Die Zeit, 04.07.2024","Wenn der Staat oder - um es persönlich zu machen - Klimaminister Robert Habeck den Menschen rät oder ihnen gar abverlangt zu verzichten, dann ist hasserfüllter Widerstand garantiert."
